generator,noise,strategy,repeats,max_steps,seed,attempt,stop_reason,abs_err_x,uncert,final_entropy,measurements,expected_uniform_points,sobol_baseline_steps,sobol_difference,steps_to_fb,err_fb_at_milestone,err_fc_at_milestone,fc_at_milestone,overall_uncert_at_milestone,final_err_fb,final_err_fc,final_overall_uncert,final_steps,err_fb_diff,err_fc_diff,duration_ms,sweep_steps,locator_steps,dips_detected,total_dip_width,min_dip_width,expected_focused_points,sweep_efficiency,measurements_done,acquisition_lo,acquisition_hi,sobol_freq_steps,sobol_conv_diff
NVCenter-lorentzian,Gauss(0.01),GaussianMixture,3,1200,123,1,locator_stop,51038008.43547726,11587321.81846725,-18.527956805482713,1200,103.62176165803261,5594.0,-1096.3782383419673,,,,,,51038008.43547726,2644890.5052960403,2418894.6559263784,1200,,,137352.2309000109,0,1200,,,,,,,,,,
NVCenter-lorentzian,Gauss(0.01),GaussianMixture,3,1200,123,2,locator_stop,368314441.9776678,66807512.419325225,-18.89014058729683,1200,105.53562005277468,10000.0,-1094.4643799472253,,,,,,368314441.9776678,1286694.9523875555,13553377.078356829,1200,,,168819.41389999702,0,1200,,,,,,,,,,
NVCenter-lorentzian,Gauss(0.01),GaussianMixture,3,1200,123,3,locator_stop,146981395.63797903,220360533.7526302,-16.42738494477083,1200,59.60953800298176,10000.0,-1140.3904619970183,,,,,,146981395.63797903,3223232.3878992093,52029654.31946026,1200,,,153570.1098999998,0,1200,,,,,,,,,,
NVCenter-lorentzian,Gauss(0.01),Bayesian-SBED,5,2000,123,1,locator_stop,13545854.43432045,49945.44360670261,24.659050440478076,29,103.62176165803261,218.0,74.62176165803261,27,3827483.907392502,923795.7396943793,6247734.546661377,1355649.7226255308,13545854.43432045,3167874.9719102606,10619.621825190154,29,-9718370.526927948,-2244079.2322158813,32122.45690000418,0,29,,,,,,,,,,
NVCenter-lorentzian,Gauss(0.01),Bayesian-SBED,5,2000,123,2,locator_stop,3364148.691165924,101662.51013288274,35.04221326583885,2000,105.53562005277468,8092.0,-1894.4643799472253,35,6922478.929031372,3350362.5916660856,6785289.406776428,1475531.9789568197,3364148.691165924,181334.5777214598,45093.255617562834,2000,3558330.237865448,3169028.013944626,1363388.5574000014,0,2000,,,,,,,,,,
NVCenter-lorentzian,Gauss(0.01),Bayesian-SBED,5,2000,123,3,locator_stop,1335129.421341896,50344.977353233844,24.67868163373333,33,59.60953800298176,65.0,26.609538002981758,21,26241.224396705627,2518812.045523443,5585102.9753685,944688.1815145289,1335129.421341896,64637.2328526224,10697.029346006299,33,-1308888.1969451904,2454174.8126708204,21178.257399995346,0,33,,,,,,,,,,
NVCenter-lorentzian,Gauss(0.01),Bayesian-SBED,5,2000,123,4,locator_stop,82899.23771619797,83353.69784617797,35.067334282831624,574,30.463061690784524,376.0,-543.5369383092154,24,3528122.2115397453,2156081.0225831987,5967270.851135254,1437941.0594959478,82899.23771619797,55541.874729347415,45699.763334196075,574,3445222.9738235474,2100539.1478538513,337682.9868000059,0,574,,,,,,,,,,
NVCenter-lorentzian,Gauss(0.01),Bayesian-SBED,5,2000,123,5,locator_stop,22882.368194580078,112562.14929744601,34.57916315248336,2000,42.01470588235361,10000.0,-1957.9852941176464,8,1519775.2455596924,207231.61075841077,6448126.316070557,1027167.9963200841,22882.368194580078,57312.24988232739,50935.68934925765,2000,1496892.8773651123,149919.36087608337,1150406.4473999897,0,2000,,,,,,,,,,
NVCenter-lorentzian,Gauss(0.01),Bayesian-SBED,1,10,123,1,locator_stop,10484965.100934982,111714228.98769379,63.22771102998942,10,103.62176165803261,10000.0,93.62176165803261,,,,,,10484965.100934982,1066385.7856233343,23630081.365895007,10,,,85144.13820000482,0,10,,,,,,,,,2650.0,
NVCenter-lorentzian,Gauss(0.01),SimpleSobol,6,10,123,1,locator_stop,102539448.48472786,137307941.91360474,69.44938978381974,10,103.62176165803261,,93.62176165803261,,,,,,102539448.48472786,1297838.0122621283,24263806.531818677,10,,,643.1302999990294,0,10,,,,,,,,,,
NVCenter-lorentzian,Gauss(0.01),SimpleSobol,6,10,123,2,locator_stop,134674814.3882866,143628686.66648865,69.59666718558137,10,105.53562005277468,,95.53562005277468,,,,,,134674814.3882866,3204758.875292642,25300928.93345582,10,,,447.57899999967776,0,10,,,,,,,,,,
NVCenter-lorentzian,Gauss(0.01),SimpleSobol,6,10,123,3,locator_stop,3392085.7125406265,123665690.4220581,69.0235329958872,10,59.60953800298176,,49.60953800298176,,,,,,3392085.7125406265,3384427.651831426,21992551.82019659,10,,,343.0205000040587,0,10,,,,,,,,,,
NVCenter-lorentzian,Gauss(0.01),SimpleSobol,6,10,123,4,locator_stop,59648442.66072512,109108231.96172714,68.43874917451916,10,30.463061690784524,,20.463061690784524,,,,,,59648442.66072512,1342980.3865777971,19518692.805175062,10,,,364.23419999482576,0,10,,,,,,,,,,
NVCenter-lorentzian,Gauss(0.01),SimpleSobol,6,10,123,5,locator_stop,194106871.034729,141889646.64936066,69.57963069899756,10,42.01470588235361,,32.01470588235361,,,,,,194106871.034729,200351.86384450085,25022298.35880332,10,,,921.2383000121918,0,10,,,,,,,,,,
NVCenter-lorentzian,Gauss(0.01),SimpleSobol,6,10,123,6,locator_stop,137389342.6232438,140952318.90678406,69.53658696719322,10,60.87975646879854,,50.87975646879854,,,,,,137389342.6232438,3202045.1838145787,24879932.135303378,10,,,551.6000999923563,0,10,,,,,,,,,,
NVCenter-voigt,Gauss(0.01),SimpleSobol,6,10,123,1,locator_stop,78105198.5459485,137790158.39099884,69.16357572449945,10,44.74049217002254,,34.74049217002254,,,,,,78105198.5459485,5581329.366000328,24286157.208561447,10,,,1105.5459000053816,0,10,,,,,,,,,,
NVCenter-voigt,Gauss(0.01),SimpleSobol,6,10,123,2,locator_stop,72599808.4874115,136712729.9308777,69.105567372428,10,81.13184584178401,,71.13184584178401,,,,,,72599808.4874115,5508462.073057376,24104113.27634275,10,,,571.6428000014275,0,10,,,,,,,,,,
NVCenter-voigt,Gauss(0.01),SimpleSobol,6,10,123,3,locator_stop,16557632.040834427,145866453.64761353,69.35791245928482,10,1249.937500000396,,1239.937500000396,,,,,,16557632.040834427,3486443.7812658846,25615866.9964871,10,,,727.3243999952683,0,10,,,,,,,,,,
NVCenter-voigt,Gauss(0.01),SimpleSobol,6,10,123,4,locator_stop,141728742.9546399,138941973.44779968,69.13415360883162,10,86.01720430107376,,76.01720430107376,,,,,,141728742.9546399,3034718.1935054846,24446947.71262983,10,,,537.782999992487,0,10,,,,,,,,,,
NVCenter-voigt,Gauss(0.01),SimpleSobol,6,10,123,5,locator_stop,177894587.02790594,138786032.79590607,69.14300774613046,10,72.06846846846744,,62.068468468467444,,,,,,177894587.02790594,3210615.634690745,24439887.341950808,10,,,367.5666000053752,0,10,,,,,,,,,,
NVCenter-voigt,Gauss(0.01),SimpleSobol,6,10,123,6,locator_stop,4223240.562704563,98148889.8396492,67.7281783332997,10,34.87183958151711,,24.871839581517108,,,,,,4223240.562704563,4675083.770752196,17633031.746872246,10,,,290.36379999888595,0,10,,,,,,,,,,
NVCenter-lorentzian,Poisson(3000.0),SimpleSobol,6,10,123,1,locator_stop,75729487.88101387,135126098.99044037,71.50510918550647,10,103.62176165803261,,93.62176165803261,,,,,,75729487.88101387,1126143.4951265082,23965855.7541507,10,,,465.8575000066776,0,10,,,,,,,,,,
NVCenter-lorentzian,Poisson(3000.0),SimpleSobol,6,10,123,2,locator_stop,132962402.746212,134898245.33462524,71.45509335860109,10,105.53562005277468,,95.53562005277468,,,,,,132962402.746212,3093415.37229429,23910947.81044263,10,,,671.4599000115413,0,10,,,,,,,,,,
NVCenter-lorentzian,Poisson(3000.0),SimpleSobol,6,10,123,3,locator_stop,4831269.103896141,135327935.21881104,71.50416348468639,10,59.60953800298176,,49.60953800298176,,,,,,4831269.103896141,3408637.3598068138,23980523.799124878,10,,,607.9917999886675,0,10,,,,,,,,,,
NVCenter-lorentzian,Poisson(3000.0),SimpleSobol,6,10,123,4,locator_stop,191809501.14623308,134667441.24889374,71.48870454252437,10,30.463061690784524,,20.463061690784524,,,,,,191809501.14623308,1690411.778055382,23886825.760507386,10,,,552.8339000011329,0,10,,,,,,,,,,
NVCenter-lorentzian,Poisson(3000.0),SimpleSobol,6,10,123,5,locator_stop,214036637.68969727,136639952.65960693,71.54926164387051,10,42.01470588235361,,32.01470588235361,,,,,,214036637.68969727,308495.1934648622,24214712.301352885,10,,,532.635499999742,0,10,,,,,,,,,,
NVCenter-lorentzian,Poisson(3000.0),SimpleSobol,6,10,123,6,locator_stop,167523424.46375895,135921284.55638885,71.5147909311338,10,60.87975646879854,,50.87975646879854,,,,,,167523424.46375895,3154778.789914661,24105565.199665595,10,,,251.91190000623465,0,10,,,,,,,,,,
NVCenter-voigt,Poisson(3000.0),SimpleSobol,6,10,123,1,locator_stop,75730787.91667604,136021867.39444733,71.16803136070183,10,44.74049217002254,,34.74049217002254,,,,,,75730787.91667604,5568042.745621834,24004763.350685686,10,,,1132.6996999996481,0,10,,,,,,,,,,
NVCenter-voigt,Poisson(3000.0),SimpleSobol,6,10,123,2,locator_stop,80603579.79249573,135248899.45983887,71.14323877725822,10,81.13184584178401,,71.13184584178401,,,,,,80603579.79249573,5609408.648460589,23893447.735593766,10,,,614.1134999925271,0,10,,,,,,,,,,
NVCenter-voigt,Poisson(3000.0),SimpleSobol,6,10,123,3,locator_stop,4929838.728761673,134744077.9209137,71.15687624376898,10,1249.937500000396,,1239.937500000396,,,,,,4929838.728761673,3495841.4965960085,23809133.157922473,10,,,753.2195000094362,0,10,,,,,,,,,,
NVCenter-voigt,Poisson(3000.0),SimpleSobol,6,10,123,4,locator_stop,169437809.82246828,136906445.0263977,71.2274381008408,10,86.01720430107376,,76.01720430107376,,,,,,169437809.82246828,2960949.547980506,24175953.040346686,10,,,619.9555999919539,0,10,,,,,,,,,,
NVCenter-voigt,Poisson(3000.0),SimpleSobol,6,10,123,5,locator_stop,149104068.38643408,135760918.25962067,71.18873504203643,10,72.06846846846744,,62.068468468467444,,,,,,149104068.38643408,3206355.6907286476,23972041.399793357,10,,,293.5520000028191,0,10,,,,,,,,,,
NVCenter-voigt,Poisson(3000.0),SimpleSobol,6,10,123,6,locator_stop,56338904.448774815,135750412.940979,71.17520253453189,10,34.87183958151711,,24.871839581517108,,,,,,56338904.448774815,4590289.458036666,23979073.21880145,10,,,860.5336000036914,0,10,,,,,,,,,,
NVCenter-lorentzian,Gauss(0.01),GaussianMixture,90,3000,123,1,locator_stop,218739329.32312202,24999999.720603224,-14.360798835754395,3000,103.62176165803261,10000.0,-2896.3782383419675,,,,,,218739329.32312202,1405389.9547617212,5318000.0268352665,3000,,,304034.6157000022,0,3000,,,,,,,,,,
NVCenter-lorentzian,Gauss(0.01),GaussianMixture,90,3000,123,2,locator_stop,368969824.954998,24999999.720603224,-13.264724731445312,3000,105.53562005277468,10000.0,-2894.464379947225,,,,,,368969824.954998,167936.8244827818,5318000.171818397,3000,,,296742.7517999895,0,3000,,,,,,,,,,
NVCenter-lorentzian,Gauss(0.01),GaussianMixture,90,3000,123,3,locator_stop,18174037.05776882,24999999.720603224,-14.978662490844727,3000,59.60953800298176,10000.0,-2940.390461997018,,,,,,18174037.05776882,6251966.998049535,5317999.989566717,3000,,,300170.3761999961,0,3000,,,,,,,,,,
NVCenter-lorentzian,Gauss(0.01),GaussianMixture,90,3000,123,4,locator_stop,38220912.5707984,24999999.72060325,-14.139848709106376,3000,30.463061690784524,10000.0,-2969.5369383092157,,,,,,38220912.5707984,1270682.1543348087,5318000.042161302,3000,,,289938.39489998936,0,3000,,,,,,,,,,
NVCenter-lorentzian,Gauss(0.01),GaussianMixture,90,3000,123,5,locator_stop,17757827.188598633,24999999.720603224,-14.825470924377441,3000,42.01470588235361,10000.0,-2957.9852941176464,,,,,,17757827.188598633,2665831.356985675,5317999.996189113,3000,,,292619.2674000049,0,3000,,,,,,,,,,
NVCenter-lorentzian,Gauss(0.01),GaussianMixture,90,3000,123,6,locator_stop,267845868.86524343,25001434.217472672,-13.884013114583285,3000,60.87975646879854,10000.0,-2939.1202435312016,,,,,,267845868.86524343,5131542.8835635865,5320782.589632522,3000,,,287089.40870000515,0,3000,,,,,,,,,,
NVCenter-lorentzian,Gauss(0.01),GaussianMixture,90,3000,123,7,locator_stop,30943967.158075333,25001527.336067878,-13.638638354481174,3000,40.60710659898505,10000.0,-2959.392893401015,,,,,,30943967.158075333,2013902.9729031771,5323960.808919458,3000,,,280874.0306999971,0,3000,,,,,,,,,122.0,9878.0
NVCenter-lorentzian,Gauss(0.01),GaussianMixture,90,3000,123,8,locator_stop,137166441.88964415,25653195.87336804,-13.325422904531376,3000,165.28099173553645,10000.0,-2834.7190082644634,,,,,,137166441.88964415,830228.9262147071,5647171.356741131,3000,,,264854.53559999587,0,3000,,,,,,,,,79.0,9921.0
NVCenter-lorentzian,Gauss(0.01),GaussianMixture,90,3000,123,9,locator_stop,246183579.43401766,25000001.27912786,-13.483189393217893,3000,170.93162393162942,10000.0,-2829.0683760683705,,,,,,246183579.43401766,6226855.925306577,5318001.465253351,3000,,,279428.9310999884,0,3000,,,,,,,,,,
NVCenter-lorentzian,Gauss(0.01),GaussianMixture,90,3000,123,10,locator_stop,142766057.73912096,24999999.7206119,-14.686526298525633,3000,110.79778393351425,10000.0,-2889.2022160664856,,,,,,142766057.73912096,3542467.356950878,5318000.030820129,3000,,,253158.05470000487,0,3000,,,,,,,,,4660.0,5340.0
NVCenter-lorentzian,Gauss(0.01),GaussianMixture,90,3000,123,11,locator_stop,314663410.45254564,24999999.720603224,-12.922818183898926,3000,63.18799368088408,10000.0,-2936.812006319116,,,,,,314663410.45254564,4912294.150003302,5318000.262123994,3000,,,259797.33210000268,0,3000,,,,,,,,,2293.0,7707.0
NVCenter-lorentzian,Gauss(0.01),GaussianMixture,90,3000,123,12,locator_stop,143481743.55565882,24999999.720603224,-14.554058074951172,3000,48.30676328502533,10000.0,-2951.693236714975,,,,,,143481743.55565882,1472616.1533824392,5318000.010727028,3000,,,261591.27210000588,0,3000,,,,,,,,,4102.0,5898.0
NVCenter-lorentzian,Gauss(0.01),GaussianMixture,90,3000,123,13,locator_stop,22051914.837400913,24999999.720603224,-13.048723220825195,3000,62.889937106918175,10000.0,-2937.1100628930817,,,,,,22051914.837400913,1440955.6505050696,5318000.225152603,3000,,,260468.07610000542,0,3000,,,,,,,,,1642.0,8358.0
NVCenter-lorentzian,Gauss(0.01),GaussianMixture,90,3000,123,14,locator_stop,302337742.0232363,51289152.68267193,-13.339707359654593,3000,93.45327102803547,10000.0,-2906.5467289719645,,,,,,302337742.0232363,2156222.792172859,10605920.483056033,3000,,,263219.4177999918,0,3000,,,,,,,,,,
NVCenter-lorentzian,Gauss(0.01),GaussianMixture,90,3000,123,15,locator_stop,31075489.087189198,24999999.720603224,-14.181221008300781,3000,45.09357384441912,10000.0,-2954.906426155581,,,,,,31075489.087189198,5936079.873598659,5318000.038369076,3000,,,256473.9622000052,0,3000,,,,,,,,,,
NVCenter-lorentzian,Gauss(0.01),GaussianMixture,90,3000,123,16,locator_stop,110152579.63715506,25000118.48696261,-14.20269848712162,3000,45.764302059496295,10000.0,-2954.2356979405035,,,,,,110152579.63715506,2119983.769060254,5318037.72828505,3000,,,259335.00790000835,0,3000,,,,,,,,,,
NVCenter-lorentzian,Gauss(0.01),GaussianMixture,90,3000,123,17,locator_stop,338755400.5859628,28684736.445571594,-14.18865208441531,3000,147.59409594095203,10000.0,-2852.4059040590478,,,,,,338755400.5859628,4302609.821422622,6081561.66644458,3000,,,243150.01199999824,0,3000,,,,,,,,,28.0,9972.0
NVCenter-lorentzian,Gauss(0.01),GaussianMixture,90,3000,123,18,locator_stop,50323503.124846935,24999999.720603224,-14.953594207763672,3000,119.39701492536821,10000.0,-2880.6029850746318,,,,,,50323503.124846935,4184947.998407703,5318000.022995329,3000,,,256487.63940000208,0,3000,,,,,,,,,3943.0,6057.0
NVCenter-lorentzian,Gauss(0.01),GaussianMixture,90,3000,123,19,locator_stop,102920782.73969412,61117234.43299531,-14.504344126539912,3000,38.34899328859059,10000.0,-2961.6510067114095,,,,,,102920782.73969412,914556.3452106351,12809908.239980523,3000,,,259323.56360000267,0,3000,,,,,,,,,26.0,9974.0
NVCenter-lorentzian,Gauss(0.01),GaussianMixture,90,3000,123,20,locator_stop,24243668.42447138,24999999.720603224,-14.664819717407227,3000,38.09333333333367,10000.0,-2961.9066666666663,,,,,,24243668.42447138,1928486.9719768753,5318000.004334431,3000,,,262385.96840000537,0,3000,,,,,,,,,6632.0,3368.0
NVCenter-lorentzian,Gauss(0.01),GaussianMixture,90,3000,123,21,locator_stop,198065580.94398594,25061144.510385945,-13.273463504061358,3000,52.90740740740661,10000.0,-2947.0925925925935,,,,,,198065580.94398594,2343030.7679157616,5488769.095798357,3000,,,262831.2700999959,0,3000,,,,,,,,,,
NVCenter-lorentzian,Gauss(0.01),GaussianMixture,90,3000,123,22,locator_stop,135796489.72679663,25135331.886384707,-12.768943712679336,3000,52.977483443707634,10000.0,-2947.0225165562924,,,,,,135796489.72679663,276434.36883668974,5415773.971101038,3000,,,264567.7182000072,0,3000,,,,,,,,,,
NVCenter-lorentzian,Gauss(0.01),GaussianMixture,90,3000,123,23,locator_stop,291651405.4175806,25808911.353187967,-12.501761201727195,3000,46.67211201867011,10000.0,-2953.3278879813297,,,,,,291651405.4175806,1737349.7935424494,5618932.558301723,3000,,,271657.2337000107,0,3000,,,,,,,,,,
NVCenter-lorentzian,Gauss(0.01),GaussianMixture,90,3000,123,24,locator_stop,295194976.4040661,24999999.720603224,-14.12967586517334,3000,63.79266347687253,10000.0,-2936.2073365231277,,,,,,295194976.4040661,4560712.954538586,5318000.043061906,3000,,,243992.85729999247,0,3000,,,,,,,,,,
NVCenter-lorentzian,Gauss(0.01),GaussianMixture,90,3000,123,25,locator_stop,14274693.537246704,24999999.720603224,-10.958940505981445,3000,177.76888888888382,10000.0,-2822.231111111116,,,,,,14274693.537246704,4393559.464151195,5318002.178114968,3000,,,285082.82920000784,0,3000,,,,,,,,,70.0,9930.0
NVCenter-lorentzian,Gauss(0.01),GaussianMixture,90,3000,123,26,locator_stop,108619802.57246017,24999999.720603224,-11.954261779785156,3000,128.19871794872205,10000.0,-2871.801282051278,,,,,,108619802.57246017,3570548.1217082553,5318000.772932919,3000,,,264342.85070000624,0,3000,,,,,,,,,75.0,9925.0
NVCenter-lorentzian,Gauss(0.01),GaussianMixture,90,3000,123,27,locator_stop,14420549.41758871,24999999.720603224,-13.274711608886719,3000,124.2173913043499,10000.0,-2875.78260869565,,,,,,14420549.41758871,1098886.7517550616,5318000.169394473,3000,,,254692.98249999702,0,3000,,,,,,,,,246.0,9754.0
NVCenter-lorentzian,Gauss(0.01),GaussianMixture,90,3000,123,28,locator_stop,62179756.37941122,25033729.422685497,-12.835787053951913,3000,49.81070983810717,10000.0,-2950.189290161893,,,,,,62179756.37941122,1981898.8287690552,5342734.130337833,3000,,,261403.47059999476,0,3000,,,,,,,,,,
NVCenter-lorentzian,Gauss(0.01),GaussianMixture,90,3000,123,29,locator_stop,213148580.50063467,24999999.720603224,0.0,3000,33.58354324097428,10000.0,-2966.4164567590256,,,,,,213148580.50063467,1291664.8920464842,5432636.5029136855,3000,,,259179.15160000848,0,3000,,,,,,,,,,
NVCenter-lorentzian,Gauss(0.01),GaussianMixture,90,3000,123,30,locator_stop,149784825.93817043,24999999.72060483,-14.582772254940311,3000,89.28125000000072,10000.0,-2910.718749999999,,,,,,149784825.93817043,1649310.0869780034,5318000.009299355,3000,,,258118.57380000583,0,3000,,,,,,,,,9340.0,660.0
NVCenter-lorentzian,Gauss(0.01),GaussianMixture,90,3000,123,31,locator_stop,191885761.89841604,25571101.33723102,-12.741568884277712,3000,32.81214109926157,10000.0,-2967.1878589007383,,,,,,191885761.89841604,3532320.428142448,5560670.357281776,3000,,,244984.25499998848,0,3000,,,,,,,,,382.0,9618.0
NVCenter-lorentzian,Gauss(0.01),GaussianMixture,90,3000,123,32,locator_stop,19454347.840183258,24999999.720603224,-14.639969825744629,3000,35.45921985815581,10000.0,-2964.540780141844,,,,,,19454347.840183258,2140847.42342146,5318000.005749557,3000,,,250757.234100005,0,3000,,,,,,,,,,
NVCenter-lorentzian,Gauss(0.01),GaussianMixture,90,3000,123,33,locator_stop,401555628.0089178,25077824.843446374,-10.413345970989013,3000,82.6404958677686,10000.0,-2917.3595041322315,,,,,,401555628.0089178,1231895.0860256227,5392858.780897228,3000,,,255126.0142999963,0,3000,,,,,,,,,,
NVCenter-lorentzian,Gauss(0.01),GaussianMixture,90,3000,123,34,locator_stop,219739641.44643068,25349026.69847423,-13.251250291687471,3000,79.99600000000082,10000.0,-2920.003999999999,,,,,,219739641.44643068,2300966.430643429,5426573.574083385,3000,,,253668.1024999998,0,3000,,,,,,,,,3613.0,6387.0
NVCenter-lorentzian,Gauss(0.01),GaussianMixture,90,3000,123,35,locator_stop,93966306.80439615,25001956.928173304,-13.448911198702849,3000,41.32024793388435,10000.0,-2958.6797520661157,,,,,,93966306.80439615,3077411.376002791,5319511.015234102,3000,,,255865.02969999856,0,3000,,,,,,,,,4606.0,5394.0
NVCenter-lorentzian,Gauss(0.01),GaussianMixture,90,3000,123,36,locator_stop,129626087.39075947,24999999.720603224,-12.733089447021484,3000,47.00117508813141,10000.0,-2952.9988249118687,,,,,,129626087.39075947,3947709.443907072,5318000.327746154,3000,,,260020.59529999678,0,3000,,,,,,,,,,
NVCenter-lorentzian,Gauss(0.01),GaussianMixture,90,3000,123,37,locator_stop,64222584.742592335,30354521.31572223,-14.992863123271555,3000,35.490683229813996,10000.0,-2964.509316770186,,,,,,64222584.742592335,2862619.242984049,6393264.373303926,3000,,,257374.1319999972,0,3000,,,,,,,,,12.0,9988.0
NVCenter-lorentzian,Gauss(0.01),GaussianMixture,90,3000,123,38,locator_stop,124650450.80225992,34179114.53310894,-12.98937151712736,3000,33.52724224643741,10000.0,-2966.4727577535627,,,,,,124650450.80225992,146370.62321135867,7571870.356943013,3000,,,275598.3311000018,0,3000,,,,,,,,,,
NVCenter-lorentzian,Gauss(0.01),GaussianMixture,90,3000,123,39,locator_stop,287115061.73367023,24999999.720603224,-15.665115356445312,3000,45.09357384441912,10000.0,-2954.906426155581,,,,,,287115061.73367023,3976000.461591596,5317999.989566717,3000,,,245448.622099997,0,3000,,,,,,,,,,
NVCenter-lorentzian,Gauss(0.01),GaussianMixture,90,3000,123,40,locator_stop,56720615.70601368,25002393.51159083,-12.751858461536976,3000,56.09817671809256,10000.0,-2943.9018232819076,,,,,,56720615.70601368,613238.1806622343,5325107.069365521,3000,,,263025.1278999931,0,3000,,,,,,,,,196.0,9804.0
NVCenter-lorentzian,Gauss(0.01),GaussianMixture,90,3000,123,41,locator_stop,334653167.98670816,25595088.37331636,-11.869590234000219,3000,57.14000000000143,10000.0,-2942.8599999999988,,,,,,334653167.98670816,836214.4444668256,5516018.308067961,3000,,,265881.2372999964,0,3000,,,,,,,,,,
NVCenter-lorentzian,Gauss(0.01),GaussianMixture,90,3000,123,42,locator_stop,14233922.124453068,24999999.744262718,-13.147336959635592,3000,129.02580645161564,10000.0,-2870.9741935483844,,,,,,14233922.124453068,1775442.6462695282,5318000.204825558,3000,,,263407.26419999555,0,3000,,,,,,,,,,
NVCenter-lorentzian,Gauss(0.01),GaussianMixture,90,3000,123,43,locator_stop,27787638.22091198,24999999.720734812,-11.157871246318907,3000,106.377659574471,10000.0,-2893.622340425529,,,,,,27787638.22091198,6394376.904241545,5318001.77525158,3000,,,250267.2323000006,0,3000,,,,,,,,,,
NVCenter-lorentzian,Gauss(0.01),GaussianMixture,90,3000,123,44,locator_stop,230784256.05190277,24999999.720603224,-13.161046028137207,3000,66.22185430463459,10000.0,-2933.7781456953653,,,,,,230784256.05190277,2959823.116569747,5318000.195854996,3000,,,254636.018899997,0,3000,,,,,,,,,,
NVCenter-lorentzian,Gauss(0.01),GaussianMixture,90,3000,123,45,locator_stop,32241372.901364326,24999999.720603224,-13.668251037597656,3000,50.694550063371295,10000.0,-2949.3054499366285,,,,,,32241372.901364326,5752089.404187229,5318000.09793716,3000,,,253420.49540000153,0,3000,,,,,,,,,,
NVCenter-lorentzian,Gauss(0.01),GaussianMixture,90,3000,123,46,locator_stop,16089655.248767376,24999999.720603224,-14.121508598327637,3000,62.30218068535731,10000.0,-2937.697819314643,,,,,,16089655.248767376,1782651.0559292305,5318000.043830153,3000,,,246353.515099996,0,3000,,,,,,,,,,
NVCenter-lorentzian,Gauss(0.01),GaussianMixture,90,3000,123,47,locator_stop,69984556.22975588,24999999.720603224,-13.765841484069824,3000,53.40186915887833,10000.0,-2946.5981308411215,,,,,,69984556.22975588,2134207.514942659,5318000.084542228,3000,,,242302.65630000213,0,3000,,,,,,,,,9398.0,602.0
NVCenter-lorentzian,Gauss(0.01),GaussianMixture,90,3000,123,48,locator_stop,413491776.78551483,25000000.626752637,-6.8269045578861186e-6,3000,48.48242424242407,10000.0,-2951.5175757575757,,,,,,413491776.78551483,1932434.176593651,5318003.943551309,3000,,,255298.55439999665,0,3000,,,,,,,,,,
NVCenter-lorentzian,Gauss(0.01),GaussianMixture,90,3000,123,49,locator_stop,162907943.98308706,25003105.208721116,-12.868683603516834,3000,37.556807511736885,10000.0,-2962.4431924882633,,,,,,162907943.98308706,1682788.4495348213,5319901.16051391,3000,,,260357.75529999228,0,3000,,,,,,,,,,
NVCenter-lorentzian,Gauss(0.01),GaussianMixture,90,3000,123,50,locator_stop,250447995.35577297,47594488.915587984,-14.611276568387684,3000,53.83310901749712,10000.0,-2946.166890982503,,,,,,250447995.35577297,2600282.742435148,9841640.63406547,3000,,,253539.56190000463,0,3000,,,,,,,,,,
NVCenter-lorentzian,Gauss(0.01),GaussianMixture,90,3000,123,51,locator_stop,353057466.6477418,68268236.69065091,-12.461641644791246,3000,61.06564885496255,10000.0,-2938.9343511450375,,,,,,353057466.6477418,308243.3617059272,14035496.0368358,3000,,,257342.6160999952,0,3000,,,,,,,,,,
NVCenter-lorentzian,Gauss(0.01),GaussianMixture,90,3000,123,52,locator_stop,278118812.5922761,81536198.81669752,-13.14305712306327,3000,49.38024691357978,10000.0,-2950.61975308642,,,,,,278118812.5922761,195062.26222071424,16847521.653979324,3000,,,252609.64850000164,0,3000,,,,,,,,,123.0,9877.0
NVCenter-lorentzian,Gauss(0.01),GaussianMixture,90,3000,123,53,locator_stop,120717282.56157541,33320136.816027384,-14.180820323846405,3000,89.88314606741551,10000.0,-2910.1168539325845,,,,,,120717282.56157541,4766938.305447669,7211268.138833949,3000,,,251654.02050000557,0,3000,,,,,,,,,,
NVCenter-lorentzian,Gauss(0.01),GaussianMixture,90,3000,123,54,locator_stop,235319891.49418926,94190357.90570873,-12.842997281607758,3000,68.48972602739708,10000.0,-2931.510273972603,,,,,,235319891.49418926,5927381.493472506,19300894.775593705,3000,,,268189.63949999306,0,3000,,,,,,,,,705.0,9295.0
NVCenter-lorentzian,Gauss(0.01),GaussianMixture,90,3000,123,55,locator_stop,418915004.15700674,24999999.720603224,-14.63573169708252,3000,107.52150537634533,10000.0,-2892.4784946236546,,,,,,418915004.15700674,2474212.519075515,5318000.007008483,3000,,,283414.40709999006,0,3000,,,,,,,,,304.0,9696.0
NVCenter-lorentzian,Gauss(0.01),GaussianMixture,90,3000,123,56,locator_stop,63147575.92193985,24999999.720603224,-14.866156578063965,3000,100.24561403508935,10000.0,-2899.754385964911,,,,,,63147575.92193985,5451428.590282828,5317999.994965711,3000,,,311195.16009998915,0,3000,,,,,,,,,,
NVCenter-lorentzian,Gauss(0.01),GaussianMixture,90,3000,123,57,locator_stop,355123471.557641,25040791.051196616,-13.44715846050339,3000,125.38557993730451,10000.0,-2874.6144200626954,,,,,,355123471.557641,344580.74332143925,5387841.395734141,3000,,,282805.2750999923,0,3000,,,,,,,,,59.0,9941.0
NVCenter-lorentzian,Gauss(0.01),GaussianMixture,90,3000,123,58,locator_stop,356185716.8211832,25011232.074693732,-12.922735616550273,3000,45.86926605504639,10000.0,-2954.1307339449536,,,,,,356185716.8211832,2123350.0221185703,5329754.923115629,3000,,,252790.36290000658,0,3000,,,,,,,,,,
NVCenter-lorentzian,Gauss(0.01),GaussianMixture,90,3000,123,59,locator_stop,63429684.78057718,25082061.294491485,-0.0009979142154891351,3000,62.399375975039746,10000.0,-2937.6006240249603,,,,,,63429684.78057718,5750748.3857893245,5762104.3468873035,3000,,,249124.44329999562,0,3000,,,,,,,,,1671.0,8329.0
NVCenter-lorentzian,Gauss(0.01),GaussianMixture,90,3000,123,60,locator_stop,27754258.544046402,25247935.900813214,-14.788149006301673,3000,76.77159309021091,10000.0,-2923.228406909789,,,,,,27754258.544046402,1213852.5121002328,5370396.602984082,3000,,,259578.6325999943,0,3000,,,,,,,,,,
NVCenter-lorentzian,Gauss(0.01),GaussianMixture,90,3000,123,61,locator_stop,214803142.2539034,24999999.720603224,-12.840137481689453,3000,43.665938864628785,10000.0,-2956.334061135371,,,,,,214803142.2539034,1113229.2525794897,5318000.289074215,3000,,,260436.03669998993,0,3000,,,,,,,,,,
NVCenter-lorentzian,Gauss(0.01),GaussianMixture,90,3000,123,62,locator_stop,195199774.01280546,37727043.99060481,-12.653428096668044,3000,67.79322033898386,10000.0,-2932.2067796610163,,,,,,195199774.01280546,3762451.3104002764,7898238.01510253,3000,,,245415.63689999748,0,3000,,,,,,,,,,
NVCenter-lorentzian,Gauss(0.01),GaussianMixture,90,3000,123,63,locator_stop,219255570.7603588,25090343.523655407,-11.392625284263888,3000,40.68972533062071,10000.0,-2959.3102746693794,,,,,,219255570.7603588,4131798.9001711346,5370179.269791503,3000,,,229434.86350000603,0,3000,,,,,,,,,,
NVCenter-lorentzian,Gauss(0.01),GaussianMixture,90,3000,123,64,locator_stop,39035893.56216049,24999999.72062313,-14.511610984802346,3000,108.69021739130926,10000.0,-2891.3097826086905,,,,,,39035893.56216049,3219308.7626712807,5318000.109529289,3000,,,249631.78250000055,0,3000,,,,,,,,,75.0,9925.0
NVCenter-lorentzian,Gauss(0.01),GaussianMixture,90,3000,123,65,locator_stop,122559437.82874012,24999999.720603224,0.0,3000,65.1433224755704,10000.0,-2934.8566775244294,,,,,,122559437.82874012,3834917.6303860955,5508082.62108711,3000,,,253752.42039999284,0,3000,,,,,,,,,,
NVCenter-lorentzian,Gauss(0.01),GaussianMixture,90,3000,123,66,locator_stop,360768668.39018536,24999999.720603224,-13.351856231689453,3000,72.7236363636369,10000.0,-2927.276363636363,,,,,,360768668.39018536,195858.22234352306,5318000.153078711,3000,,,250782.4016999948,0,3000,,,,,,,,,664.0,9336.0
NVCenter-lorentzian,Gauss(0.01),GaussianMixture,90,3000,123,67,locator_stop,1157666.687986374,24999999.720603224,-5.821789902978589e-15,3000,41.065708418890765,10000.0,-2958.9342915811094,,,,,,1157666.687986374,3782492.001369822,5317999.989566718,3000,,,252941.6923999961,0,3000,,,,,,,,,,
NVCenter-lorentzian,Gauss(0.01),GaussianMixture,90,3000,123,68,locator_stop,45690009.03834343,24999999.720603224,-14.354911804199219,3000,50.88804071246778,10000.0,-2949.111959287532,,,,,,45690009.03834343,2310978.013926139,5318000.0244029835,3000,,,255457.22840000235,0,3000,,,,,,,,,,
NVCenter-lorentzian,Gauss(0.01),GaussianMixture,90,3000,123,69,locator_stop,143781267.59020853,29158799.564963147,-1.4996515770927952,3000,41.40579710144921,10000.0,-2958.594202898551,,,,,,143781267.59020853,830457.6778767128,7194037.279981965,3000,,,256126.53429999773,0,3000,,,,,,,,,2166.0,7834.0
NVCenter-lorentzian,Gauss(0.01),GaussianMixture,90,3000,123,70,locator_stop,239526537.68089914,25887823.245000865,-12.6277064436313,3000,38.23900573613785,10000.0,-2961.7609942638624,,,,,,239526537.68089914,2486840.973336354,5867929.6410468165,3000,,,253593.08849999798,0,3000,,,,,,,,,,
NVCenter-lorentzian,Gauss(0.01),GaussianMixture,90,3000,123,71,locator_stop,39314641.540821075,25000000.122344848,-14.423074716595664,3000,41.8389121338913,10000.0,-2958.1610878661086,,,,,,39314641.540821075,899796.6545508988,5318000.104606752,3000,,,220089.98939998855,0,3000,,,,,,,,,,
NVCenter-lorentzian,Gauss(0.01),GaussianMixture,90,3000,123,72,locator_stop,293845391.68564844,90628799.40671045,-13.769668503059819,3000,51.8780804150461,10000.0,-2948.121919584954,,,,,,293845391.68564844,699688.1875339714,18462200.043697894,3000,,,241462.33740000753,0,3000,,,,,,,,,,
NVCenter-lorentzian,Gauss(0.01),GaussianMixture,90,3000,123,73,locator_stop,157320686.74060202,28120744.398371607,-14.59613200301801,3000,36.864516129032395,10000.0,-2963.1354838709676,,,,,,157320686.74060202,2851855.1132662585,6529756.976009973,3000,,,250759.17520000075,0,3000,,,,,,,,,,
NVCenter-lorentzian,Gauss(0.01),GaussianMixture,90,3000,123,74,locator_stop,109900016.4014759,24999999.720603224,-12.87647819519043,3000,97.08252427184192,10000.0,-2902.917475728158,,,,,,109900016.4014759,1935960.1891114078,5318000.277162712,3000,,,269634.7381999949,0,3000,,,,,,,,,,
NVCenter-lorentzian,Gauss(0.01),GaussianMixture,90,3000,123,75,locator_stop,193453282.6350646,36103294.99666728,-4.76877651409104,3000,35.5854092526692,10000.0,-2964.4145907473307,,,,,,193453282.6350646,3220699.107306307,9542305.405960621,3000,,,246161.02440000395,0,3000,,,,,,,,,1805.0,8195.0
NVCenter-lorentzian,Gauss(0.01),GaussianMixture,90,3000,123,76,locator_stop,204942357.5368104,24999999.720603224,0.0,3000,103.35400516796055,10000.0,-2896.6459948320394,,,,,,204942357.5368104,5067590.837508482,5697650.116693086,3000,,,252824.89770000393,0,3000,,,,,,,,,,
NVCenter-lorentzian,Gauss(0.01),GaussianMixture,90,3000,123,77,locator_stop,96204941.49417734,25007737.35467782,-11.58107801776707,3000,36.83057090239429,10000.0,-2963.1694290976056,,,,,,96204941.49417734,5193592.574878479,5319550.457526968,3000,,,259058.32240000018,0,3000,,,,,,,,,,
NVCenter-lorentzian,Gauss(0.01),GaussianMixture,90,3000,123,78,locator_stop,336520498.2894378,25074739.819912553,-12.33613287128745,3000,58.907216494845905,10000.0,-2941.092783505154,,,,,,336520498.2894378,4123475.3752521025,5337771.653145988,3000,,,251060.18879999465,0,3000,,,,,,,,,10.0,9990.0
NVCenter-lorentzian,Gauss(0.01),GaussianMixture,90,3000,123,79,locator_stop,181884434.16035414,26979592.039463878,-6.122694501500689,3000,149.80524344569176,10000.0,-2850.1947565543082,,,,,,181884434.16035414,3557383.0412601205,5826993.97603018,3000,,,243865.80959999992,0,3000,,,,,,,,,361.0,9639.0
NVCenter-lorentzian,Gauss(0.01),GaussianMixture,90,3000,123,80,locator_stop,147033948.27496624,176249544.76093343,-11.68457467215402,3000,78.73622047244076,10000.0,-2921.263779527559,,,,,,147033948.27496624,146135.53046236932,37592960.073276386,3000,,,220854.91539999202,0,3000,,,,,,,,,,
NVCenter-lorentzian,Gauss(0.01),GaussianMixture,90,3000,123,81,locator_stop,37274161.50415182,24999999.720603224,-14.978925704956055,3000,30.579510703364257,10000.0,-2969.420489296636,,,,,,37274161.50415182,1760720.7580550155,5317999.989566717,3000,,,241893.50520000153,0,3000,,,,,,,,,,
NVCenter-lorentzian,Gauss(0.01),GaussianMixture,90,3000,123,82,locator_stop,22165940.665966988,24999999.720603224,-13.96230697631836,3000,55.55277777777713,10000.0,-2944.447222222223,,,,,,22165940.665966988,1527455.854897092,5318000.060090998,3000,,,247874.0034000075,0,3000,,,,,,,,,36.0,9964.0
NVCenter-lorentzian,Gauss(0.01),GaussianMixture,90,3000,123,83,locator_stop,28516364.460289,24999999.720603224,-14.37259578704834,3000,50.43883984867509,10000.0,-2949.561160151325,,,,,,28516364.460289,6370664.993534077,5318000.022904383,3000,,,254428.53169998853,0,3000,,,,,,,,,,
NVCenter-lorentzian,Gauss(0.01),GaussianMixture,90,3000,123,84,locator_stop,317387799.7421255,24999999.720603224,-14.77485179901123,3000,73.66114180478745,10000.0,-2926.3388581952127,,,,,,317387799.7421255,1951531.8014737302,5317999.999212376,3000,,,256665.97829997772,0,3000,,,,,,,,,,
NVCenter-lorentzian,Gauss(0.01),GaussianMixture,90,3000,123,85,locator_stop,164196684.2301445,25000000.504622184,-13.295739869420434,3000,101.00505050505078,10000.0,-2898.994949494949,,,,,,164196684.2301445,1547026.0800115075,5318001.2613099925,3000,,,257454.96080000885,0,3000,,,,,,,,,,
NVCenter-lorentzian,Gauss(0.01),GaussianMixture,90,3000,123,86,locator_stop,150895350.67243052,24999999.720603224,-11.796965599060059,3000,59.52083333333291,10000.0,-2940.479166666667,,,,,,150895350.67243052,5336152.036417479,5318000.913158152,3000,,,253128.94239998423,0,3000,,,,,,,,,,
NVCenter-lorentzian,Gauss(0.01),GaussianMixture,90,3000,123,87,locator_stop,220687622.8793187,24999999.720603224,-14.53516960144043,3000,56.41466854724915,10000.0,-2943.585331452751,,,,,,220687622.8793187,4113400.0044388287,5318000.013685771,3000,,,261942.70939999842,0,3000,,,,,,,,,,
NVCenter-lorentzian,Gauss(0.01),GaussianMixture,90,3000,123,88,locator_stop,241874059.57367945,55904124.68228498,-10.198807789070505,3000,45.45227272727284,10000.0,-2954.547727272727,,,,,,241874059.57367945,1405289.1223971536,11603406.094285231,3000,,,252805.9898999927,0,3000,,,,,,,,,,
NVCenter-lorentzian,Gauss(0.01),GaussianMixture,90,3000,123,89,locator_stop,236798572.35950518,25762830.925025538,-12.509693158208895,3000,215.0430107526793,10000.0,-2784.9569892473205,,,,,,236798572.35950518,4585883.016853231,5532996.497208133,3000,,,210522.45839999523,0,3000,,,,,,,,,126.0,9874.0
NVCenter-lorentzian,Gauss(0.01),GaussianMixture,90,3000,123,90,locator_stop,242071633.41698265,25000050.563745245,-14.821079027483824,3000,86.76355748372842,10000.0,-2913.2364425162714,,,,,,242071633.41698265,2652448.4361886056,5318010.272619108,3000,,,235914.75570001057,0,3000,,,,,,,,,,
NVCenter-lorentzian,Gauss(0.01),SimpleSobol,90,3000,123,1,locator_stop,1517610.207250595,70535.7306287624,24.517010064838015,3000,103.62176165803261,,-2896.3782383419675,,,,,,1517610.207250595,1694959.9185426459,12668.925062104872,3000,,,25986.538400000427,0,3000,,,,,,,,,,
NVCenter-lorentzian,Gauss(0.01),SimpleSobol,90,3000,123,2,locator_stop,20350.47100830078,53876.519814366475,29.923853382504046,3000,105.53562005277468,,-2894.464379947225,,,,,,20350.47100830078,10557.554882867262,18952.493690647814,3000,,,38752.18130000576,0,3000,,,,,,,,,,
NVCenter-lorentzian,Gauss(0.01),SimpleSobol,90,3000,123,3,locator_stop,3551170.509446144,89590.82333603874,25.945423400586535,3000,59.60953800298176,,-2940.390461997018,,,,,,3551170.509446144,1350986.6893976112,16213.972308624287,3000,,,45807.78010000358,0,3000,,,,,,,,,,
NVCenter-lorentzian,Gauss(0.01),SimpleSobol,90,3000,123,4,locator_stop,13783.221399784088,62732.37522691488,29.729399499286963,3000,30.463061690784524,,-2969.5369383092157,,,,,,13783.221399784088,19475.279487418942,20379.329963200344,3000,,,62023.90289999312,0,3000,,,,,,,,,,
NVCenter-lorentzian,Gauss(0.01),SimpleSobol,90,3000,123,5,locator_stop,54454.65840148926,106207.44433254004,33.09602642830124,3000,42.01470588235361,,-2957.9852941176464,,,,,,54454.65840148926,17086.86326275952,39913.413556160354,3000,,,88222.185000006,0,3000,,,,,,,,,,
NVCenter-lorentzian,Gauss(0.01),SimpleSobol,90,3000,123,6,locator_stop,13162.059297084808,138184.52134728432,33.945111586852704,3000,60.87975646879854,,-2939.1202435312016,,,,,,13162.059297084808,34946.45301204268,47818.12268540587,3000,,,104862.06780000066,0,3000,,,,,,,,,,
NVCenter-lorentzian,Gauss(0.01),SimpleSobol,90,3000,123,7,locator_stop,20344.185079097748,70672.46042424813,28.715883296891278,3000,40.60710659898505,,-2959.392893401015,,,,,,20344.185079097748,5704.413073956966,17439.811863113246,3000,,,128068.57830000808,0,3000,,,,,,,,,,
NVCenter-lorentzian,Gauss(0.01),SimpleSobol,90,3000,123,8,locator_stop,91863.03010749817,53685.344028053805,25.64942641204783,3000,165.28099173553645,,-2834.7190082644634,,,,,,91863.03010749817,26707.448133813217,11184.914916794505,3000,,,22220.20789999806,0,3000,,,,,,,,,,
NVCenter-lorentzian,Gauss(0.01),SimpleSobol,90,3000,123,9,locator_stop,579908.7137413025,93551.08340969309,25.786873220424205,3000,170.93162393162942,,-2829.0683760683705,,,,,,579908.7137413025,405706.04314236855,16609.513810461238,3000,,,33994.75410000014,0,3000,,,,,,,,,,
NVCenter-lorentzian,Gauss(0.01),SimpleSobol,90,3000,123,10,locator_stop,662996.6590790749,111985.34775758162,26.876272108210586,3000,110.79778393351425,,-2889.2022160664856,,,,,,662996.6590790749,151288.79373098537,19978.617300963753,3000,,,43384.4306999963,0,3000,,,,,,,,,,
NVCenter-lorentzian,Gauss(0.01),SimpleSobol,90,3000,123,11,locator_stop,1713011.1480345726,79628.16016515717,30.01228302208331,3000,63.18799368088408,,-2936.812006319116,,,,,,1713011.1480345726,1232888.403675449,21519.783803091002,3000,,,60319.41540000844,0,3000,,,,,,,,,,
NVCenter-lorentzian,Gauss(0.01),SimpleSobol,90,3000,123,12,locator_stop,913890.9763159752,100937.43185279891,32.15513739752706,3000,48.30676328502533,,-2951.693236714975,,,,,,913890.9763159752,778272.7306850962,33231.29838985113,3000,,,78829.97959999193,0,3000,,,,,,,,,,
NVCenter-lorentzian,Gauss(0.01),SimpleSobol,90,3000,123,13,locator_stop,1559809.5392775536,94956.9875956513,25.953799067933886,3000,62.889937106918175,,-2937.1100628930817,,,,,,1559809.5392775536,508977.16313933954,16845.34863961297,3000,,,95570.66300000588,0,3000,,,,,,,,,,
NVCenter-lorentzian,Gauss(0.01),SimpleSobol,90,3000,123,14,locator_stop,35611.301223278046,67895.8385833539,31.440655320761685,3000,93.45327102803547,,-2906.5467289719645,,,,,,35611.301223278046,33046.58794716047,25074.241597809916,3000,,,115860.11839999992,0,3000,,,,,,,,,,
NVCenter-lorentzian,Gauss(0.01),SimpleSobol,90,3000,123,15,locator_stop,1409399.9432673454,70559.2319718562,30.46143740100311,3000,45.09357384441912,,-2954.906426155581,,,,,,1409399.9432673454,870047.8040729524,23103.588820846504,3000,,,133500.89929999376,0,3000,,,,,,,,,,
NVCenter-lorentzian,Gauss(0.01),SimpleSobol,90,3000,123,16,locator_stop,30627.662672042847,67778.25183235109,30.648090528510302,3000,45.764302059496295,,-2954.2356979405035,,,,,,30627.662672042847,9656.834257646464,23745.943090800527,3000,,,150676.96270000306,0,3000,,,,,,,,,,
NVCenter-lorentzian,Gauss(0.01),SimpleSobol,90,3000,123,17,locator_stop,100022752.17430305,120747.31785105541,27.20129851247005,3000,147.59409594095203,,-2852.4059040590478,,,,,,100022752.17430305,3313819.402275858,21356.030269896703,3000,,,161417.94949999894,0,3000,,,,,,,,,,
NVCenter-lorentzian,Gauss(0.01),SimpleSobol,90,3000,123,18,locator_stop,622076.8807988167,101244.73192263395,26.583533446798196,3000,119.39701492536821,,-2880.6029850746318,,,,,,622076.8807988167,584187.3053876348,18152.821218775793,3000,,,190063.24000000313,0,3000,,,,,,,,,,
NVCenter-lorentzian,Gauss(0.01),SimpleSobol,90,3000,123,19,locator_stop,2253780.6055812836,100100.2310658805,26.473711367042043,3000,38.34899328859059,,-2961.6510067114095,,,,,,2253780.6055812836,677012.3021052247,18011.56233978893,3000,,,205900.12720000232,0,3000,,,,,,,,,,
NVCenter-lorentzian,Gauss(0.01),SimpleSobol,90,3000,123,20,locator_stop,4443614.972249508,95016.35940978304,31.20150091130962,3000,38.09333333333367,,-2961.9066666666663,,,,,,4443614.972249508,3106457.4133132705,26717.974323995306,3000,,,222868.31989999337,0,3000,,,,,,,,,,
NVCenter-lorentzian,Gauss(0.01),SimpleSobol,90,3000,123,21,locator_stop,587295.9247522354,70401.43827907741,29.345635643205704,3000,52.90740740740661,,-2947.0925925925935,,,,,,587295.9247522354,28401.763506125193,18560.767161919404,3000,,,241341.8576999975,0,3000,,,,,,,,,,
NVCenter-lorentzian,Gauss(0.01),SimpleSobol,90,3000,123,22,locator_stop,3343614.057423115,79927.56582098082,27.220955080699596,3000,52.977483443707634,,-2947.0225165562924,,,,,,3343614.057423115,2159922.171897026,15658.97884395784,3000,,,278093.61130000616,0,3000,,,,,,,,,,
NVCenter-lorentzian,Gauss(0.01),SimpleSobol,90,3000,123,23,locator_stop,151207.90773248672,54851.345339557156,27.926623964813974,3000,46.67211201867011,,-2953.3278879813297,,,,,,151207.90773248672,68115.68588286638,15233.995714668055,3000,,,289225.3459000058,0,3000,,,,,,,,,,
NVCenter-lorentzian,Gauss(0.01),SimpleSobol,90,3000,123,24,locator_stop,3640436.0083293915,53887.739341007546,23.334321638064424,3000,63.79266347687253,,-2936.2073365231277,,,,,,3640436.0083293915,3006068.310278179,9854.588528037882,3000,,,298449.8021000036,0,3000,,,,,,,,,,
NVCenter-lorentzian,Gauss(0.01),SimpleSobol,90,3000,123,25,locator_stop,1408598.828804016,72949.10028576851,24.960839663426984,3000,177.76888888888382,,-2822.231111111116,,,,,,1408598.828804016,1736362.8827875173,13319.387114992734,3000,,,323409.97579999384,0,3000,,,,,,,,,,
NVCenter-lorentzian,Gauss(0.01),SimpleSobol,90,3000,123,26,locator_stop,1023464.7772026062,96286.00673750043,26.29580590660535,3000,128.19871794872205,,-2871.801282051278,,,,,,1023464.7772026062,1286275.62977634,17367.500695187213,3000,,,382366.2078000052,0,3000,,,,,,,,,,
NVCenter-lorentzian,Gauss(0.01),SimpleSobol,90,3000,123,27,locator_stop,504051.3028168678,74592.39714080468,23.959205484437177,3000,124.2173913043499,,-2875.78260869565,,,,,,504051.3028168678,381698.49552315194,13182.763627785427,3000,,,430946.9181000022,0,3000,,,,,,,,,,
NVCenter-lorentzian,Gauss(0.01),SimpleSobol,90,3000,123,28,locator_stop,43334.49474191666,50628.16126155667,26.33929391244397,3000,49.81070983810717,,-2950.189290161893,,,,,,43334.49474191666,3011.1060635661706,11805.88539481158,3000,,,519453.99549999274,0,3000,,,,,,,,,,
NVCenter-lorentzian,Gauss(0.01),SimpleSobol,90,3000,123,29,locator_stop,1756565.281899929,91117.54479818046,31.59881184314412,3000,33.58354324097428,,-2966.4164567590256,,,,,,1756565.281899929,1252548.0453085573,28728.681390174224,3000,,,493463.2461000001,0,3000,,,,,,,,,,
NVCenter-lorentzian,Gauss(0.01),SimpleSobol,90,3000,123,30,locator_stop,2984449.4633173943,67085.19504172727,24.03053594348441,3000,89.28125000000072,,-2910.718749999999,,,,,,2984449.4633173943,2594642.1873432286,12023.344868899287,3000,,,456507.5865000108,0,3000,,,,,,,,,,
NVCenter-lorentzian,Gauss(0.01),SimpleSobol,90,3000,123,31,locator_stop,1644586.3212575912,87858.77435002476,28.701370566153752,3000,32.81214109926157,,-2967.1878589007383,,,,,,1644586.3212575912,986537.2321986966,19421.454481991823,3000,,,579074.9179999984,0,3000,,,,,,,,,,
NVCenter-lorentzian,Gauss(0.01),SimpleSobol,90,3000,123,32,locator_stop,82057.96158981323,104321.33422000334,33.116668512727884,3000,35.45921985815581,,-2964.540780141844,,,,,,82057.96158981323,26822.486268597655,39788.43855709004,3000,,,639730.4232000024,0,3000,,,,,,,,,,
NVCenter-lorentzian,Gauss(0.01),SimpleSobol,90,3000,123,33,locator_stop,13428.175659179688,63298.553868662566,29.674218521194042,3000,82.6404958677686,,-2917.3595041322315,,,,,,13428.175659179688,1222.7573117995635,17932.033319415033,3000,,,728902.9642000096,0,3000,,,,,,,,,,
NVCenter-lorentzian,Gauss(0.01),SimpleSobol,90,3000,123,34,locator_stop,178503.63352155685,60120.117268525064,24.106025606213286,3000,79.99600000000082,,-2920.003999999999,,,,,,178503.63352155685,86102.24020291585,11078.961816769386,3000,,,697596.8261000089,0,3000,,,,,,,,,,
NVCenter-lorentzian,Gauss(0.01),SimpleSobol,90,3000,123,35,locator_stop,25333.090691566467,65869.60080312565,28.52074449698965,3000,41.32024793388435,,-2958.6797520661157,,,,,,25333.090691566467,17319.371957113966,16748.46128778934,3000,,,708300.6428999943,0,3000,,,,,,,,,,
NVCenter-lorentzian,Gauss(0.01),SimpleSobol,90,3000,123,36,locator_stop,55648.84009075165,128502.95752286911,34.046717685450844,3000,47.00117508813141,,-2952.9988249118687,,,,,,55648.84009075165,44918.23639459442,48179.28844242558,3000,,,818360.8103000006,0,3000,,,,,,,,,,
NVCenter-lorentzian,Gauss(0.01),SimpleSobol,90,3000,123,37,locator_stop,2291.531930923462,62727.34754020348,29.518250762133313,3000,35.490683229813996,,-2964.509316770186,,,,,,2291.531930923462,26587.613813820295,19638.726060249035,3000,,,975834.8109000071,0,3000,,,,,,,,,,
NVCenter-lorentzian,Gauss(0.01),SimpleSobol,90,3000,123,38,locator_stop,88839.77104949951,97515.3234321624,32.63209379347282,3000,33.52724224643741,,-2966.4727577535627,,,,,,88839.77104949951,52667.57261706516,35765.93843418547,3000,,,925316.2687000004,0,3000,,,,,,,,,,
NVCenter-lorentzian,Gauss(0.01),SimpleSobol,90,3000,123,39,locator_stop,765705.5592012405,77536.6643210873,30.840983274155413,3000,45.09357384441912,,-2954.906426155581,,,,,,765705.5592012405,582639.6310197171,26431.769925618155,3000,,,983202.1155999973,0,3000,,,,,,,,,,
NVCenter-lorentzian,Gauss(0.01),SimpleSobol,90,3000,123,40,locator_stop,15849.39811038971,48347.04304812476,28.564127157364958,3000,56.09817671809256,,-2943.9018232819076,,,,,,15849.39811038971,6376.94716798421,15235.654225914188,3000,,,894079.0170000109,0,3000,,,,,,,,,,
NVCenter-lorentzian,Gauss(0.01),SimpleSobol,90,3000,123,41,locator_stop,3257648.0530729294,85376.70510122553,28.699746763425956,3000,57.14000000000143,,-2942.8599999999988,,,,,,3257648.0530729294,2403037.773268359,20290.569754123313,3000,,,1122902.7661000001,0,3000,,,,,,,,,,
NVCenter-lorentzian,Gauss(0.01),SimpleSobol,90,3000,123,42,locator_stop,1404253.325387001,50210.79414291307,22.077407171163465,3000,129.02580645161564,,-2870.9741935483844,,,,,,1404253.325387001,1355259.465527866,8905.91039168071,3000,,,1156111.6054999875,0,3000,,,,,,,,,,
NVCenter-lorentzian,Gauss(0.01),SimpleSobol,90,3000,123,43,locator_stop,93323.50247097015,64083.82614608854,27.937477143975254,3000,106.377659574471,,-2893.622340425529,,,,,,93323.50247097015,49786.658488004,15399.028732223318,3000,,,1167969.0822000266,0,3000,,,,,,,,,,
NVCenter-lorentzian,Gauss(0.01),SimpleSobol,90,3000,123,44,locator_stop,450689.38625335693,83616.58547073603,30.68161969293194,3000,66.22185430463459,,-2933.7781456953653,,,,,,450689.38625335693,216371.2830255134,24919.354594422868,3000,,,1198090.9026000008,0,3000,,,,,,,,,,
NVCenter-lorentzian,Gauss(0.01),SimpleSobol,90,3000,123,45,locator_stop,1866520.8040037155,87845.45207163319,25.96711245585623,3000,50.694550063371295,,-2949.3054499366285,,,,,,1866520.8040037155,36477.24477288406,15871.700892015682,3000,,,1338343.1521999883,0,3000,,,,,,,,,,
NVCenter-lorentzian,Gauss(0.01),SimpleSobol,90,3000,123,46,locator_stop,2635635.645740986,73549.77424256504,24.15571700404432,3000,62.30218068535731,,-2937.697819314643,,,,,,2635635.645740986,3667787.6602383126,12983.04715264716,3000,,,1527586.9134000095,0,3000,,,,,,,,,,
NVCenter-lorentzian,Gauss(0.01),SimpleSobol,90,3000,123,47,locator_stop,60587.1361041069,56477.48548653908,27.370118876967258,3000,53.40186915887833,,-2946.5981308411215,,,,,,60587.1361041069,14201.970874296501,14065.516005014326,3000,,,1664077.531499992,0,3000,,,,,,,,,,
NVCenter-lorentzian,Gauss(0.01),SimpleSobol,90,3000,123,48,locator_stop,3854251.797139168,91748.66863759235,28.84448767918553,3000,48.48242424242407,,-2951.5175757575757,,,,,,3854251.797139168,2369035.377942173,19201.827424869964,3000,,,1561072.119999997,0,3000,,,,,,,,,,
NVCenter-lorentzian,Gauss(0.01),SimpleSobol,90,3000,123,49,locator_stop,19672.121060848236,89594.0320333466,31.27342193476248,3000,37.556807511736885,,-2962.4431924882633,,,,,,19672.121060848236,75637.93752352986,27163.13943039614,3000,,,808173.3219000162,0,3000,,,,,,,,,,
NVCenter-lorentzian,Gauss(0.01),SimpleSobol,90,3000,123,50,locator_stop,3848243.252371311,79181.5691627562,28.25398721411679,3000,53.83310901749712,,-2946.166890982503,,,,,,3848243.252371311,2753290.678429501,18119.232829110195,3000,,,857731.9543000194,0,3000,,,,,,,,,,
NVCenter-lorentzian,Gauss(0.01),SimpleSobol,90,3000,123,51,locator_stop,58219.760100364685,64975.662098731846,28.13963203202115,3000,61.06564885496255,,-2938.9343511450375,,,,,,58219.760100364685,24749.621937172487,15670.927786219743,3000,,,875014.8230999766,0,3000,,,,,,,,,,
NVCenter-lorentzian,Gauss(0.01),SimpleSobol,90,3000,123,52,locator_stop,1376934.37221241,97066.92071631551,32.036337957296475,3000,49.38024691357978,,-2950.61975308642,,,,,,1376934.37221241,1125253.8072478138,33301.87702448102,3000,,,882624.5611000049,0,3000,,,,,,,,,,
NVCenter-lorentzian,Gauss(0.01),SimpleSobol,90,3000,123,53,locator_stop,62199.69790315628,56051.9183636643,30.263220191865088,3000,89.88314606741551,,-2910.1168539325845,,,,,,62199.69790315628,47506.82282875385,19933.57166482136,3000,,,892665.6155999808,0,3000,,,,,,,,,,
NVCenter-lorentzian,Gauss(0.01),SimpleSobol,90,3000,123,54,locator_stop,3924889.034527302,53350.6135980133,22.61846582875061,3000,68.48972602739708,,-2931.510273972603,,,,,,3924889.034527302,5255214.824703491,9514.214502225497,3000,,,920081.8987000093,0,3000,,,,,,,,,,
NVCenter-lorentzian,Gauss(0.01),SimpleSobol,90,3000,123,55,locator_stop,26176.996052265167,68171.43002990633,26.97689807112733,3000,107.52150537634533,,-2892.4784946236546,,,,,,26176.996052265167,39532.295610549394,14338.18325566707,3000,,,958371.4709999913,0,3000,,,,,,,,,,
NVCenter-lorentzian,Gauss(0.01),SimpleSobol,90,3000,123,56,locator_stop,12038.879467010498,69800.29866099358,28.870294187547444,3000,100.24561403508935,,-2899.754385964911,,,,,,12038.879467010498,26287.42350634979,17661.003115105446,3000,,,976211.2103999825,0,3000,,,,,,,,,,
NVCenter-lorentzian,Gauss(0.01),SimpleSobol,90,3000,123,57,locator_stop,2679331.281817436,49865.89192412794,22.63220341132953,3000,125.38557993730451,,-2874.6144200626954,,,,,,2679331.281817436,2056217.7793754973,9011.224003102187,3000,,,1034605.1681999816,0,3000,,,,,,,,,,
NVCenter-lorentzian,Gauss(0.01),SimpleSobol,90,3000,123,58,locator_stop,18639.32094144821,62717.24123507738,29.387573507800838,3000,45.86926605504639,,-2954.1307339449536,,,,,,18639.32094144821,18317.6312822327,19441.008457064625,3000,,,1024933.6311999941,0,3000,,,,,,,,,,
NVCenter-lorentzian,Gauss(0.01),SimpleSobol,90,3000,123,59,locator_stop,41291.19713973999,47174.53339253552,27.00229762299351,3000,62.399375975039746,,-2937.6006240249603,,,,,,41291.19713973999,1539.7025774409994,12812.337863095885,3000,,,1133550.560600008,0,3000,,,,,,,,,,
NVCenter-lorentzian,Gauss(0.01),SimpleSobol,90,3000,123,60,locator_stop,32643.68345117569,71522.19768613577,30.42160086477417,3000,76.77159309021091,,-2923.228406909789,,,,,,32643.68345117569,56588.249644916505,23433.319986742736,3000,,,1125733.453199995,0,3000,,,,,,,,,,
NVCenter-lorentzian,Gauss(0.01),SimpleSobol,90,3000,123,61,locator_stop,3543032.114056587,81963.39331334457,30.439964459912353,3000,43.665938864628785,,-2956.334061135371,,,,,,3543032.114056587,2546819.887873849,23597.990094859535,3000,,,1109782.325200009,0,3000,,,,,,,,,,
NVCenter-lorentzian,Gauss(0.01),SimpleSobol,90,3000,123,62,locator_stop,33886.36617851257,56055.640015983954,28.809797325931136,3000,67.79322033898386,,-2932.2067796610163,,,,,,33886.36617851257,15240.901664226316,16393.574206435365,3000,,,1185536.7010000045,0,3000,,,,,,,,,,
NVCenter-lorentzian,Gauss(0.01),SimpleSobol,90,3000,123,63,locator_stop,699212.9265117645,88599.32859195396,32.48671272267268,3000,40.68972533062071,,-2959.3102746693794,,,,,,699212.9265117645,424049.6608781554,34811.14151635889,3000,,,17925.2060999861,0,3000,,,,,,,,,,
NVCenter-lorentzian,Gauss(0.01),SimpleSobol,90,3000,123,64,locator_stop,633888.3611650467,113829.78118490428,26.778619369918626,3000,108.69021739130926,,-2891.3097826086905,,,,,,633888.3611650467,1913961.3796548117,20145.15574243374,3000,,,17012.39099999657,0,3000,,,,,,,,,,
NVCenter-lorentzian,Gauss(0.01),SimpleSobol,90,3000,123,65,locator_stop,363359.5282640457,91120.36786973476,31.24997335959769,3000,65.1433224755704,,-2934.8566775244294,,,,,,363359.5282640457,296494.7267058082,27825.584664605183,3000,,,29869.244000001345,0,3000,,,,,,,,,,
NVCenter-lorentzian,Gauss(0.01),SimpleSobol,90,3000,123,66,locator_stop,806286.8944101334,92742.02602682635,26.114784470086036,3000,72.7236363636369,,-2927.276363636363,,,,,,806286.8944101334,1481217.0444945507,16665.95435068799,3000,,,39178.65729998448,0,3000,,,,,,,,,,
NVCenter-lorentzian,Gauss(0.01),SimpleSobol,90,3000,123,67,locator_stop,31647.14095878601,95326.52620691806,32.9849873435689,3000,41.065708418890765,,-2958.9342915811094,,,,,,31647.14095878601,23513.52123893518,36021.08434276994,3000,,,52744.612900016364,0,3000,,,,,,,,,,
NVCenter-lorentzian,Gauss(0.01),SimpleSobol,90,3000,123,68,locator_stop,2030471.00771904,84551.26226181164,30.202717749301765,3000,50.88804071246778,,-2949.111959287532,,,,,,2030471.00771904,1487486.7611593101,22612.419621962556,3000,,,66691.80170001346,0,3000,,,,,,,,,,
NVCenter-lorentzian,Gauss(0.01),SimpleSobol,90,3000,123,69,locator_stop,3009824.1282930374,85880.87803218514,30.79223830421852,3000,41.40579710144921,,-2958.594202898551,,,,,,3009824.1282930374,2095742.1129178246,24886.33594809892,3000,,,80490.35350000486,0,3000,,,,,,,,,,
NVCenter-lorentzian,Gauss(0.01),SimpleSobol,90,3000,123,70,locator_stop,130617.75452709198,99506.00360753015,32.70373997878262,3000,38.23900573613785,,-2961.7609942638624,,,,,,130617.75452709198,69805.03186490387,36112.43564399082,3000,,,94379.24860001658,0,3000,,,,,,,,,,
NVCenter-lorentzian,Gauss(0.01),SimpleSobol,90,3000,123,71,locator_stop,2219929.4460635185,86759.04246047139,29.656393913592698,3000,41.8389121338913,,-2958.1610878661086,,,,,,2219929.4460635185,1716039.8780318107,21152.52056326694,3000,,,111721.42519999761,0,3000,,,,,,,,,,
NVCenter-lorentzian,Gauss(0.01),SimpleSobol,90,3000,123,72,locator_stop,162659.58782863617,117961.89210144803,33.411905489816355,3000,51.8780804150461,,-2948.121919584954,,,,,,162659.58782863617,107894.55758321797,42060.75052114231,3000,,,124728.66540000541,0,3000,,,,,,,,,,
NVCenter-lorentzian,Gauss(0.01),SimpleSobol,90,3000,123,73,locator_stop,1305322.1987547874,88072.81847111881,31.654677226111794,3000,36.864516129032395,,-2963.1354838709676,,,,,,1305322.1987547874,928217.6660444159,28908.013816476727,3000,,,145306.0942000011,0,3000,,,,,,,,,,
NVCenter-lorentzian,Gauss(0.01),SimpleSobol,90,3000,123,74,locator_stop,124264.5723285675,61416.36549727991,28.234320953687266,3000,97.08252427184192,,-2902.917475728158,,,,,,124264.5723285675,4854.888327296823,16160.663687884362,3000,,,159067.02710001264,0,3000,,,,,,,,,,
NVCenter-lorentzian,Gauss(0.01),SimpleSobol,90,3000,123,75,locator_stop,226515.90172624588,78734.57798268646,26.095733976165427,3000,35.5854092526692,,-2964.4145907473307,,,,,,226515.90172624588,681956.5051530022,14663.920593506087,3000,,,184355.09959998308,0,3000,,,,,,,,,,
NVCenter-lorentzian,Gauss(0.01),SimpleSobol,90,3000,123,76,locator_stop,1513791.0809693336,43550.084228627384,22.37410025629849,3000,103.35400516796055,,-2896.6459948320394,,,,,,1513791.0809693336,1157564.8233741103,8095.799161886524,3000,,,199791.60689999117,0,3000,,,,,,,,,,
NVCenter-lorentzian,Gauss(0.01),SimpleSobol,90,3000,123,77,locator_stop,15151.312705039978,87235.18112674356,31.6627792518805,3000,36.83057090239429,,-2963.1694290976056,,,,,,15151.312705039978,6381.001692223363,29108.755625384496,3000,,,221820.28049998917,0,3000,,,,,,,,,,
NVCenter-lorentzian,Gauss(0.01),SimpleSobol,90,3000,123,78,locator_stop,1892323.440211296,69496.90578039736,29.29754813073339,3000,58.907216494845905,,-2941.092783505154,,,,,,1892323.440211296,1330595.3252261123,19136.022395937736,3000,,,239677.62860000948,0,3000,,,,,,,,,,
NVCenter-lorentzian,Gauss(0.01),SimpleSobol,90,3000,123,79,locator_stop,252933.98935985565,389237.5389114022,38.408586259530736,3000,149.80524344569176,,-2850.1947565543082,,,,,,252933.98935985565,353290.9466517018,106176.5232770652,3000,,,264224.109999981,0,3000,,,,,,,,,,
NVCenter-lorentzian,Gauss(0.01),SimpleSobol,90,3000,123,80,locator_stop,3627862.9576005936,62116.94562807679,24.93565224561027,3000,78.73622047244076,,-2921.263779527559,,,,,,3627862.9576005936,3191390.7407129854,11634.26039812857,3000,,,264266.4165000024,0,3000,,,,,,,,,,
NVCenter-lorentzian,Gauss(0.01),SimpleSobol,90,3000,123,81,locator_stop,64099.35796499252,77734.21384627,30.757424443645526,3000,30.579510703364257,,-2969.420489296636,,,,,,64099.35796499252,13943.107511238195,24321.021546043023,3000,,,316302.0414999919,0,3000,,,,,,,,,,
NVCenter-lorentzian,Gauss(0.01),SimpleSobol,90,3000,123,82,locator_stop,3683401.6802244186,96305.24436943233,26.360221329035184,3000,55.55277777777713,,-2944.447222222223,,,,,,3683401.6802244186,2579982.634897639,17305.22611146131,3000,,,341190.71939997957,0,3000,,,,,,,,,,
NVCenter-lorentzian,Gauss(0.01),SimpleSobol,90,3000,123,83,locator_stop,1865031.9525604248,79138.3208706975,27.22435798897122,3000,50.43883984867509,,-2949.561160151325,,,,,,1865031.9525604248,495313.58032233315,16350.103541029375,3000,,,337165.39429998375,0,3000,,,,,,,,,,
NVCenter-lorentzian,Gauss(0.01),SimpleSobol,90,3000,123,84,locator_stop,4165272.238158226,69439.44026716053,24.858591117448398,3000,73.66114180478745,,-2926.3388581952127,,,,,,4165272.238158226,3117666.4865497416,12852.662803149944,3000,,,414309.2078999907,0,3000,,,,,,,,,,
NVCenter-lorentzian,Gauss(0.01),SimpleSobol,90,3000,123,85,locator_stop,20588.255335330963,64774.067141115665,29.48672109409444,3000,101.00505050505078,,-2898.994949494949,,,,,,20588.255335330963,20690.534801907837,19899.69340814633,3000,,,472938.143700012,0,3000,,,,,,,,,,
NVCenter-lorentzian,Gauss(0.01),SimpleSobol,90,3000,123,86,locator_stop,111519.29932165146,69224.31930433959,30.097082609087657,3000,59.52083333333291,,-2940.479166666667,,,,,,111519.29932165146,49963.916908746585,21838.425881858155,3000,,,436834.0054000146,0,3000,,,,,,,,,,
NVCenter-lorentzian,Gauss(0.01),SimpleSobol,90,3000,123,87,locator_stop,35132.02505540848,61056.83860369027,31.84949228049183,3000,56.41466854724915,,-2943.585331452751,,,,,,35132.02505540848,29699.03535418585,22434.056716312552,3000,,,590187.6205000153,0,3000,,,,,,,,,,
NVCenter-lorentzian,Gauss(0.01),SimpleSobol,90,3000,123,88,locator_stop,55706.752892017365,69221.22702235356,30.02042132852283,3000,45.45227272727284,,-2954.547727272727,,,,,,55706.752892017365,65170.62144760229,21195.800762386858,3000,,,516804.32460000156,0,3000,,,,,,,,,,
NVCenter-lorentzian,Gauss(0.01),SimpleSobol,90,3000,123,89,locator_stop,16472.070236682892,70622.2781445831,32.753471424623676,3000,215.0430107526793,,-2784.9569892473205,,,,,,16472.070236682892,57201.58132274356,25072.55473117741,3000,,,751644.0086000075,0,3000,,,,,,,,,,
NVCenter-lorentzian,Gauss(0.01),SimpleSobol,90,3000,123,90,locator_stop,9696.914847373962,42251.77690386772,28.597705174845807,3000,86.76355748372842,,-2913.2364425162714,,,,,,9696.914847373962,7968.983875095844,12893.166209267174,3000,,,622302.0588000072,0,3000,,,,,,,,,,
NVCenter-lorentzian,Gauss(0.01),Bayesian-SBED,90,3000,123,1,locator_stop,1608400.0914783478,50152.20449422486,24.68197793716523,3000,103.62176165803261,10000.0,-2896.3782383419675,,,,,,1608400.0914783478,664955.7450254187,10662.303729295443,3000,,,1997565.1141999988,,,,,,,,,,,186.0,9814.0
NVCenter-lorentzian,Gauss(0.01),Bayesian-SBED,90,3000,123,2,locator_stop,163796.49924087524,56751.82183040306,31.427652388832556,3000,105.53562005277468,10000.0,-2894.464379947225,,,,,,163796.49924087524,136051.86365257017,23844.52658482343,3000,,,1887652.521600001,,,,,,,,,,,,
NVCenter-lorentzian,Gauss(0.01),Bayesian-SBED,90,3000,123,3,locator_stop,2993687.707793236,57453.64978793077,26.883931031799243,3000,59.60953800298176,10000.0,-2940.390461997018,,,,,,2993687.707793236,2895400.4795043846,13040.199822482897,3000,,,1910290.8497999888,,,,,,,,,,,,
NVCenter-lorentzian,Gauss(0.01),Bayesian-SBED,90,3000,123,4,locator_stop,635075.9615063667,388125.45244582,41.62944883525486,3000,30.463061690784524,10000.0,-2969.5369383092157,,,,,,635075.9615063667,621022.9414331438,196982.51379461482,3000,,,1959615.6447999966,,,,,,,,,,,,
NVCenter-lorentzian,Gauss(0.01),Bayesian-SBED,90,3000,123,5,locator_stop,238692.61540222168,256450.78858360648,38.41213260534906,3000,42.01470588235361,10000.0,-2957.9852941176464,,,,,,238692.61540222168,196622.3421262633,124313.40631324022,3000,,,1990316.182399998,,,,,,,,,,,,
NVCenter-lorentzian,Gauss(0.01),Bayesian-SBED,90,3000,123,6,locator_stop,263910.1319413185,39533.6865040008,29.410500544600378,3000,60.87975646879854,10000.0,-2939.1202435312016,,,,,,263910.1319413185,482492.7339325482,15937.6321402693,3000,,,2045878.5886999976,,,,,,,,,,,,
NVCenter-lorentzian,Gauss(0.01),Bayesian-SBED,90,3000,123,7,locator_stop,597532.4638237953,33240.94359413721,25.489154067647345,3000,40.60710659898505,10000.0,-2959.392893401015,,,,,,597532.4638237953,629683.5440221429,8346.437218691692,3000,,,2094833.1345000044,,,,,,,,,,,,
NVCenter-lorentzian,Gauss(0.01),Bayesian-SBED,90,3000,123,8,locator_stop,26452.18977165222,57129.13480238058,29.74718299929291,3000,165.28099173553645,10000.0,-2834.7190082644634,,,,,,26452.18977165222,192002.91477741115,18891.528788604697,3000,,,2258273.0737999957,,,,,,,,,,,8079.0,1921.0
NVCenter-lorentzian,Gauss(0.01),Bayesian-SBED,90,3000,123,9,locator_stop,2344086.5426826477,50128.732254961506,25.03944190992164,3000,170.93162393162942,10000.0,-2829.0683760683705,,,,,,2344086.5426826477,1917307.833276913,10838.090122530619,3000,,,2149738.244799999,,,,,,,,,,,1853.0,8147.0
NVCenter-lorentzian,Gauss(0.01),Bayesian-SBED,90,3000,123,10,locator_stop,14506704.39938593,50548.62049291842,26.437074697748418,3000,110.79778393351425,10000.0,-2889.2022160664856,,,,,,14506704.39938593,1736346.3503601663,11592.584375054415,3000,,,2275189.1806000057,,,,,,,,,,,,
NVCenter-lorentzian,Gauss(0.01),Bayesian-SBED,90,3000,123,11,locator_stop,226799.13288259506,67756.73682568595,26.3326817224588,3000,63.18799368088408,10000.0,-2936.812006319116,,,,,,226799.13288259506,1598266.0468356218,14508.239482275083,3000,,,2313659.735399997,,,,,,,,,,,,
NVCenter-lorentzian,Gauss(0.01),Bayesian-SBED,90,3000,123,12,locator_stop,6290557.760602474,94925.25714449584,33.784303536937145,3000,48.30676328502533,10000.0,-2951.693236714975,,,,,,6290557.760602474,4851464.554122906,35595.3023774445,3000,,,2006600.1793000032,,,,,,,,,,,2234.0,7766.0
NVCenter-lorentzian,Gauss(0.01),Bayesian-SBED,90,3000,123,13,locator_stop,3110782.000977993,46156.67057805695,26.20752586484757,3000,62.889937106918175,10000.0,-2937.1100628930817,,,,,,3110782.000977993,1297431.2645163573,10799.575454939702,3000,,,2082996.15609998,,,,,,,,,,,,
NVCenter-lorentzian,Gauss(0.01),Bayesian-SBED,90,3000,123,14,locator_stop,3031161.9337000847,415146.4381720871,39.55115550722326,3000,93.45327102803547,10000.0,-2906.5467289719645,,,,,,3031161.9337000847,3020282.2756202524,187991.6408574444,3000,,,2092003.2549999887,,,,,,,,,,,,
NVCenter-lorentzian,Gauss(0.01),Bayesian-SBED,90,3000,123,15,locator_stop,537257.9527745247,66514.57078987733,27.42156355454764,3000,45.09357384441912,10000.0,-2954.906426155581,,,,,,537257.9527745247,5351280.5242906455,24032.97004693094,3000,,,2197009.2269000015,,,,,,,,,,,,
NVCenter-lorentzian,Gauss(0.01),Bayesian-SBED,90,3000,123,16,locator_stop,5983302.181230545,497024.4481228292,40.55299820867038,3000,45.764302059496295,10000.0,-2954.2356979405035,,,,,,5983302.181230545,1165833.8132967511,232682.56602295837,3000,,,1319066.113399982,,,,,,,,,,,,
NVCenter-lorentzian,Gauss(0.01),Bayesian-SBED,90,3000,123,17,locator_stop,3203797.0248012543,51226.30318510346,27.711569113234496,3000,147.59409594095203,10000.0,-2852.4059040590478,,,,,,3203797.0248012543,2814178.8778884984,13651.726473933339,3000,,,1596979.538899992,,,,,,,,,,,,
NVCenter-lorentzian,Gauss(0.01),Bayesian-SBED,90,3000,123,18,locator_stop,4117177.832259655,49925.86764274165,24.770532822712138,3000,119.39701492536821,10000.0,-2880.6029850746318,,,,,,4117177.832259655,3309146.077516895,10580.637771315864,3000,,,1614338.2685999968,,,,,,,,,,,55.0,9945.0
NVCenter-lorentzian,Gauss(0.01),Bayesian-SBED,90,3000,123,19,locator_stop,8526692.631032944,64936.88124464825,27.27804795107431,3000,38.34899328859059,10000.0,-2961.6510067114095,,,,,,8526692.631032944,1202350.1769945985,14547.382997244975,3000,,,1641378.8779999886,,,,,,,,,,,138.0,9862.0
NVCenter-lorentzian,Gauss(0.01),Bayesian-SBED,90,3000,123,20,locator_stop,6900443.92408514,47460.06379718892,26.567155975583837,3000,38.09333333333367,10000.0,-2961.9066666666663,,,,,,6900443.92408514,4980026.112542779,11206.733540235426,3000,,,1653589.9933000037,,,,,,,,,,,,
NVCenter-lorentzian,Gauss(0.01),Bayesian-SBED,90,3000,123,21,locator_stop,1272361.9094781876,79848.97820279002,34.34883608578167,3000,52.90740740740661,10000.0,-2947.0925925925935,,,,,,1272361.9094781876,3419933.357879628,54797.330832378684,3000,,,1692387.1281000029,,,,,,,,,,,,
NVCenter-lorentzian,Gauss(0.01),Bayesian-SBED,90,3000,123,22,locator_stop,3338696.674229145,69092.9009579122,27.644717341488455,3000,52.977483443707634,10000.0,-2947.0225165562924,,,,,,3338696.674229145,2139270.62279615,15462.885518618878,3000,,,1742988.4747999895,,,,,,,,,,,,
NVCenter-lorentzian,Gauss(0.01),Bayesian-SBED,90,3000,123,23,locator_stop,284319.98067712784,46867.80084739439,29.630273051217245,3000,46.67211201867011,10000.0,-2953.3278879813297,,,,,,284319.98067712784,145345.2155020833,16195.219607211295,3000,,,1687906.199900026,,,,,,,,,,,,
NVCenter-lorentzian,Gauss(0.01),Bayesian-SBED,90,3000,123,24,locator_stop,8499659.97015953,56003.82064585574,28.592129638490658,3000,63.79266347687253,10000.0,-2936.2073365231277,,,,,,8499659.97015953,5026903.89617038,18972.44240113732,3000,,,1596607.8838000249,,,,,,,,,,,,
NVCenter-lorentzian,Gauss(0.01),Bayesian-SBED,90,3000,123,25,locator_stop,4868529.248725891,132501.25630293041,33.68319098472176,3000,177.76888888888382,10000.0,-2822.231111111116,,,,,,4868529.248725891,78518.65059680585,54513.42213779226,3000,,,1671605.5432999856,,,,,,,,,,,,
NVCenter-lorentzian,Gauss(0.01),Bayesian-SBED,90,3000,123,26,locator_stop,12520826.48065567,64188.796386588365,33.962219073099945,3000,128.19871794872205,10000.0,-2871.801282051278,,,,,,12520826.48065567,1483806.8067256398,43452.686117401645,3000,,,1696941.1776000052,,,,,,,,,,,587.0,9413.0
NVCenter-lorentzian,Gauss(0.01),Bayesian-SBED,90,3000,123,27,locator_stop,12249504.183676243,63967.272581066936,26.064442873890098,3000,124.2173913043499,10000.0,-2875.78260869565,,,,,,12249504.183676243,1730236.3153536944,13674.64366207495,3000,,,1755706.050399982,,,,,,,,,,,246.0,9754.0
NVCenter-lorentzian,Gauss(0.01),Bayesian-SBED,90,3000,123,28,locator_stop,1623732.91381979,1092819.0313279629,45.03009764638431,3000,49.81070983810717,10000.0,-2950.189290161893,,,,,,1623732.91381979,677382.8877909565,426680.1358138298,3000,,,1805911.9463000097,,,,,,,,,,,680.0,9320.0
NVCenter-lorentzian,Gauss(0.01),Bayesian-SBED,90,3000,123,29,locator_stop,5247937.151940823,51163.253374397755,26.64116701355244,3000,33.58354324097428,10000.0,-2966.4164567590256,,,,,,5247937.151940823,3047020.2330660494,11960.698888006504,3000,,,1939990.3412999993,,,,,,,,,,,,
NVCenter-lorentzian,Gauss(0.01),Bayesian-SBED,90,3000,123,30,locator_stop,1654856.1028933525,33121.559681603685,25.852842264039413,3000,89.28125000000072,10000.0,-2910.718749999999,,,,,,1654856.1028933525,1057584.3107563145,9005.721516011665,3000,,,1955003.8046000118,,,,,,,,,,,124.0,9876.0
NVCenter-lorentzian,Gauss(0.01),Bayesian-SBED,90,3000,123,31,locator_stop,3405441.638373375,47769.93228006177,26.33994415175511,3000,32.81214109926157,10000.0,-2967.1878589007383,,,,,,3405441.638373375,1647886.6479778104,11204.952859027853,3000,,,2012168.4407999855,,,,,,,,,,,1630.0,8370.0
NVCenter-lorentzian,Gauss(0.01),Bayesian-SBED,90,3000,123,32,locator_stop,1091403.016216278,740428.2223433256,42.44845976953367,3000,35.45921985815581,10000.0,-2964.540780141844,,,,,,1091403.016216278,919653.7521949587,328380.03595013754,3000,,,2074855.005999998,,,,,,,,,,,,
NVCenter-lorentzian,Gauss(0.01),Bayesian-SBED,90,3000,123,33,locator_stop,5645824.229507446,197035.8134713024,35.708555119431175,3000,82.6404958677686,10000.0,-2917.3595041322315,,,,,,5645824.229507446,630396.4533529067,84887.88387673444,3000,,,2121098.414699984,,,,,,,,,,,,
NVCenter-lorentzian,Gauss(0.01),Bayesian-SBED,90,3000,123,34,locator_stop,435990.4517903328,67765.69352950901,29.43665531552436,3000,79.99600000000082,10000.0,-2920.003999999999,,,,,,435990.4517903328,70861.988184941,17146.536426937902,3000,,,2182839.934699994,,,,,,,,,,,,
NVCenter-lorentzian,Gauss(0.01),Bayesian-SBED,90,3000,123,35,locator_stop,120400.26578426361,52215.20041231997,31.37416519392329,3000,41.32024793388435,10000.0,-2958.6797520661157,,,,,,120400.26578426361,39906.15342206694,25139.03896772299,3000,,,2323881.0010000016,,,,,,,,,,,,
NVCenter-lorentzian,Gauss(0.01),Bayesian-SBED,90,3000,123,36,locator_stop,586233.57949543,505881.03476911783,41.008698431257386,3000,47.00117508813141,10000.0,-2952.9988249118687,,,,,,586233.57949543,523488.67330961395,247115.66229906707,3000,,,2290794.7577000014,,,,,,,,,,,,
NVCenter-lorentzian,Gauss(0.01),Bayesian-SBED,90,3000,123,37,locator_stop,218796.9967021942,156839.0434840694,36.03411659527197,3000,35.490683229813996,10000.0,-2964.509316770186,,,,,,218796.9967021942,207063.4281707378,81429.7201165535,3000,,,2387217.99200002,,,,,,,,,,,2636.0,7364.0
NVCenter-lorentzian,Gauss(0.01),Bayesian-SBED,90,3000,123,38,locator_stop,2046613.93334198,115020.45526867732,35.65638265199816,3000,33.52724224643741,10000.0,-2966.4727577535627,,,,,,2046613.93334198,2036166.7419667356,63487.1404354763,3000,,,2397941.628300003,,,,,,,,,,,,
NVCenter-lorentzian,Gauss(0.01),Bayesian-SBED,90,3000,123,39,locator_stop,285456.0350847244,272972.3055381328,39.14373638509166,3000,45.09357384441912,10000.0,-2954.906426155581,,,,,,285456.0350847244,61194.74409688078,141687.75069150596,3000,,,2494770.7535999944,,,,,,,,,,,,
NVCenter-lorentzian,Gauss(0.01),Bayesian-SBED,90,3000,123,40,locator_stop,86529.3309431076,134232.3812423274,35.645789005378404,3000,56.09817671809256,10000.0,-2943.9018232819076,,,,,,86529.3309431076,150605.04794465657,64030.440051271326,3000,,,2548849.6304000146,,,,,,,,,,,8516.0,1484.0
NVCenter-lorentzian,Gauss(0.01),Bayesian-SBED,90,3000,123,41,locator_stop,9923384.489916801,108704.3056031689,28.798681994089414,3000,57.14000000000143,10000.0,-2942.8599999999988,,,,,,9923384.489916801,2345768.241388662,23547.52456921046,3000,,,2634284.060400008,,,,,,,,,,,1155.0,8845.0
NVCenter-lorentzian,Gauss(0.01),Bayesian-SBED,90,3000,123,42,locator_stop,7384406.843260765,73979.67419819906,31.881175921821058,3000,129.02580645161564,10000.0,-2870.9741935483844,,,,,,7384406.843260765,70492.25037064776,26906.853539935295,3000,,,3312494.92170001,,,,,,,,,,,,
NVCenter-lorentzian,Gauss(0.01),Bayesian-SBED,90,3000,123,43,locator_stop,1575397.9349832535,1571500.557474792,48.37884058170811,3000,106.377659574471,10000.0,-2893.622340425529,,,,,,1575397.9349832535,3259863.198273094,811538.2647258836,3000,,,3061268.8626000015,,,,,,,,,,,,
NVCenter-lorentzian,Gauss(0.01),Bayesian-SBED,90,3000,123,44,locator_stop,2240981.8659973145,28088.72886816971,26.24167152288012,3000,66.22185430463459,10000.0,-2933.7781456953653,,,,,,2240981.8659973145,2174967.035560836,8384.33642132737,3000,,,3632670.640699973,,,,,,,,,,,,
NVCenter-lorentzian,Gauss(0.01),Bayesian-SBED,90,3000,123,45,locator_stop,4315377.634600639,84499.48654742911,27.92233933967256,3000,50.694550063371295,10000.0,-2949.3054499366285,,,,,,4315377.634600639,189960.39716241043,18360.807244763946,3000,,,3357496.466499986,,,,,,,,,,,3161.0,6839.0
NVCenter-lorentzian,Gauss(0.01),Bayesian-SBED,90,3000,123,46,locator_stop,591747.2525897026,54060.339607531205,29.836935725189278,3000,62.30218068535731,10000.0,-2937.697819314643,,,,,,591747.2525897026,428161.92316727526,17250.186670119092,3000,,,3536042.9038000004,,,,,,,,,,,,
NVCenter-lorentzian,Gauss(0.01),Bayesian-SBED,90,3000,123,47,locator_stop,4779233.543231487,31702.198612038046,27.29178437873479,3000,53.40186915887833,10000.0,-2946.5981308411215,,,,,,4779233.543231487,4258618.259905802,10265.429509814989,3000,,,3951998.635899974,,,,,,,,,,,,
NVCenter-lorentzian,Gauss(0.01),Bayesian-SBED,90,3000,123,48,locator_stop,108576.71016407013,68912.48631291091,27.481862362123557,3000,48.48242424242407,10000.0,-2951.5175757575757,,,,,,108576.71016407013,7500.499330608174,15362.78181250973,3000,,,3690472.672300006,,,,,,,,,,,123.0,9877.0
NVCenter-lorentzian,Gauss(0.01),Bayesian-SBED,90,3000,123,49,locator_stop,1575591.768277645,43039.84314901754,26.22307048471865,3000,37.556807511736885,10000.0,-2962.4431924882633,,,,,,1575591.768277645,164488.13583691325,10333.802946053607,3000,,,4087161.6690999945,,,,,,,,,,,,
NVCenter-lorentzian,Gauss(0.01),Bayesian-SBED,90,3000,123,50,locator_stop,6869006.649588108,69858.1789038144,27.294137697777913,3000,53.83310901749712,10000.0,-2946.166890982503,,,,,,6869006.649588108,3213086.608299371,15484.707713567646,3000,,,3973998.8803000012,,,,,,,,,,,,
NVCenter-lorentzian,Gauss(0.01),Bayesian-SBED,90,3000,123,51,locator_stop,721887.6773519516,53771.58959163353,26.559030373944772,3000,61.06564885496255,10000.0,-2938.9343511450375,,,,,,721887.6773519516,695794.2394519877,12576.644387983177,3000,,,4464399.5498,,,,,,,,,,,,
NVCenter-lorentzian,Gauss(0.01),Bayesian-SBED,90,3000,123,52,locator_stop,925697.4089403152,411586.77777275443,39.92584268564833,3000,49.38024691357978,10000.0,-2950.61975308642,,,,,,925697.4089403152,780036.8773352467,181902.53381751463,3000,,,4174406.702600012,,,,,,,,,,,,
NVCenter-lorentzian,Gauss(0.01),Bayesian-SBED,90,3000,123,53,locator_stop,73609.48521757126,175752.05129105598,36.10752911650236,3000,89.88314606741551,10000.0,-2910.1168539325845,,,,,,73609.48521757126,58337.034101978876,79885.90478813856,3000,,,4522531.089099968,,,,,,,,,,,,
NVCenter-lorentzian,Gauss(0.01),Bayesian-SBED,90,3000,123,54,locator_stop,835461.0865292549,32745.727367000654,27.827594123363383,3000,68.48972602739708,10000.0,-2931.510273972603,,,,,,835461.0865292549,670792.8265547687,10862.056812789719,3000,,,4853683.783100044,,,,,,,,,,,3326.0,6674.0
NVCenter-lorentzian,Gauss(0.01),Bayesian-SBED,90,3000,123,55,locator_stop,2495077.7511000633,52387.0658071246,26.153569943797294,3000,107.52150537634533,10000.0,-2892.4784946236546,,,,,,2495077.7511000633,1593976.6682645106,11698.182239973034,3000,,,4815920.3759000525,,,,,,,,,,,240.0,9760.0
NVCenter-lorentzian,Gauss(0.01),Bayesian-SBED,90,3000,123,56,locator_stop,1805276.937412262,185019.35119275004,27.903590436917987,3000,100.24561403508935,10000.0,-2899.754385964911,,,,,,1805276.937412262,2396694.7476715143,83176.19389060764,3000,,,4899707.601599977,,,,,,,,,,,,
NVCenter-lorentzian,Gauss(0.01),Bayesian-SBED,90,3000,123,57,locator_stop,950353.1664247513,1551998.3135163784,47.99014282346642,3000,125.38557993730451,10000.0,-2874.6144200626954,,,,,,950353.1664247513,2183680.0445170365,671347.6524690434,3000,,,4942933.411000006,,,,,,,,,,,7431.0,2569.0
NVCenter-lorentzian,Gauss(0.01),Bayesian-SBED,90,3000,123,58,locator_stop,1354729.5876460075,35857.254260918126,25.50138770620945,3000,45.86926605504639,10000.0,-2954.1307339449536,,,,,,1354729.5876460075,988664.022483252,8721.981236772699,3000,,,5617174.161000002,,,,,,,,,,,,
NVCenter-lorentzian,Poisson(3000.0),SimpleSobol,1,50,123,1,locator_stop,75743614.18182564,131620928.64513397,70.03003889261578,50,103.62176165803261,,53.62176165803261,,,,,,75743614.18182564,1207783.7982614264,23364975.34413494,50,,,1562.8976000007242,,,,,,,,,,,,
NVCenter-lorentzian,Gauss(0.01),SimpleSobol,1,50,123,1,locator_stop,1815466.6274280548,27423808.351159096,62.30858638700776,50,103.62176165803261,,53.62176165803261,,,,,,1815466.6274280548,863948.9510495886,5472144.7777980985,50,,,1637.6321000279859,,,,,,,,,,,,
NVCenter-lorentzian,Gauss(0.01),GenericSweep,1,500,123,1,locator_stop,76158224.09088326,146610739.6977077,20.794415416798383,251,45363636363.63632,10000.0,45363636112.63632,,,,,,76158224.09088326,1176061.1930330023,31187036.835853435,251,,,100955.26030001929,,,1.0,0.022044088176352727,0.022044088176352727,,90727272.72727264,500.0,2600000000.0,2818486973.947896,282.0,9718.0
NVCenter-lorentzian,Poisson(3000.0),GenericSweep,1,500,123,1,locator_stop,76158224.09088326,146610739.6977077,20.794415416798383,251,45363636363.63632,10000.0,45363636112.63632,,,,,,76158224.09088326,1176061.1930330023,31187036.835853435,251,,,102891.85700000962,,,1.0,0.022044088176352727,0.022044088176352727,,90727272.72727264,500.0,2742294589.1783566,2812414829.6593184,58.0,9942.0
NVCenter-lorentzian,Gauss(0.01),GaussianMixture,1,50,123,1,locator_stop,1215623.2744960785,24999999.720603224,-15.117156028747559,50,103.62176165803261,10000.0,53.62176165803261,,,,,,1215623.2744960785,1808096.6868837103,5317999.989566717,50,,,104459.63100000517,,,,,,,,,,,218.0,9782.0
NVCenter-lorentzian,Gauss(0.01),Bayesian-EKF-D,1,50,123,1,locator_stop,33272171.94158554,291583.96708333056,-6.191715084691847,50,103.62176165803261,10000.0,53.62176165803261,,,,,,33272171.94158554,22701417.34494253,125008.06081739122,50,,,115190.64939999953,,,,,,,,,,,58.0,9942.0
NVCenter-lorentzian,Gauss(0.01),Bayesian-EKF-ParticleFrequency,1,50,123,1,locator_stop,63045192.90107584,526784.3429128049,0.7779745025277423,50,103.62176165803261,10000.0,53.62176165803261,,,,,,63045192.90107584,5462999.303527433,505720.41825834755,50,,,1325.880500022322,,,,,,,,,,,58.0,9942.0
NVCenter-lorentzian,Poisson(3000.0),GaussianMixture,1,50,123,1,locator_stop,278974833.8107867,25000386.202121623,-14.833259127154127,50,103.62176165803261,10000.0,53.62176165803261,,,,,,278974833.8107867,1438442.1340632401,5318079.936874161,50,,,118974.47270003613,,,,,,,,,,,,
NVCenter-lorentzian,Poisson(3000.0),Bayesian-SBED,1,50,123,1,locator_stop,3323151.215860367,54177.50799097121,25.38476881187817,50,103.62176165803261,10000.0,53.62176165803261,,,,,,3323151.215860367,974130.6057731882,11640.833901726364,50,,,159303.9390000049,,,,,,,,,,,58.0,9942.0
NVCenter-lorentzian,Gauss(0.01),Bayesian-SBED,1,50,123,1,locator_stop,510574.83260917664,118636.75899803638,32.81236686738396,50,103.62176165803261,10000.0,53.62176165803261,,,,,,510574.83260917664,2299763.8580455706,41038.545901312864,50,,,161138.09560000664,,,,,,,,,,,,
NVCenter-lorentzian,Gauss(0.01),Bayesian-EKF-A,1,50,123,1,locator_stop,84811182.93966627,1717610.7675258466,-0.005743075187151447,50,103.62176165803261,10000.0,53.62176165803261,,,,,,84811182.93966627,1477656.6179322926,1010345.3515262147,50,,,120657.22069999902,,,,,,,,,,,,
NVCenter-lorentzian,Poisson(3000.0),Bayesian-EKF-D,1,50,123,1,locator_stop,89721795.01704788,1621677.1876862508,-1.5743571571643489,50,103.62176165803261,10000.0,53.62176165803261,,,,,,89721795.01704788,7875905.770804845,648793.955309995,50,,,125688.83630004711,,,,,,,,,,,,
NVCenter-lorentzian,Poisson(3000.0),Bayesian-EKF-A,1,50,123,1,locator_stop,52190003.945245266,1902373.9775426008,1.35800709145895,50,103.62176165803261,10000.0,53.62176165803261,,,,,,52190003.945245266,822933.5087706046,945955.1653270496,50,,,111979.05859997263,,,,,,,,,,,186.0,9814.0
NVCenter-voigt,Gauss(0.01),GenericSweep,1,500,123,1,locator_stop,79073088.57013369,146610739.6977077,24.953298500158063,500,10958376144.887487,10000.0,10958375644.887487,,,,,,79073088.57013369,5571911.683114205,24812890.578657404,500,,,87719.43749999627,,,36.0,0.09125439634288691,0.0020040080160320106,,21916752.289774977,500.0,2600000000.0,2860971943.8877754,149.0,9851.0
NVCenter-lorentzian,Poisson(3000.0),Bayesian-EKF-ParticleFrequency,1,50,123,1,locator_stop,17588952.099737644,159786.6903456023,-0.41497700536584936,50,103.62176165803261,10000.0,53.62176165803261,,,,,,17588952.099737644,1209682.0600630697,845693.1617582046,50,,,90524.43489996949,,,,,,,,,,,58.0,9942.0
NVCenter-voigt,Gauss(0.01),SimpleSobol,1,50,123,1,locator_stop,5099820.299641132,6642384.454607964,56.56522393652288,50,44.74049217002254,,-5.2595078299774585,,,,,,5099820.299641132,5640462.687047157,1845420.99910244,50,,,864.1437999904156,,,,,,,,,,,,
NVCenter-voigt,Poisson(3000.0),SimpleSobol,1,50,123,1,locator_stop,84189417.16720247,135389104.48551178,69.74166204057377,50,44.74049217002254,,-5.2595078299774585,,,,,,84189417.16720247,5444134.225876961,23879774.3623805,50,,,932.6087999506854,,,,,,,,,,,,
NVCenter-voigt,Gauss(0.01),GaussianMixture,1,50,123,1,locator_stop,175239559.08092976,25343227.6252766,-2.1150526208508654e-7,50,44.74049217002254,10000.0,-5.2595078299774585,,,,,,175239559.08092976,3265474.048332914,5159198.088876655,50,,,5332.714500022121,,,,,,,,,,,149.0,9851.0
NVCenter-voigt,Poisson(3000.0),GenericSweep,1,500,123,1,locator_stop,79073088.57013369,146610739.6977077,24.953298500158063,251,13131578947.368427,10000.0,13131578696.368427,,,,,,79073088.57013369,5571911.683114205,24812890.578657404,251,,,89637.21469999291,,,17.0,0.0761523046092184,0.0040080160320641045,,26263157.894736856,500.0,2637374749.498998,2807114228.456914,85.0,9915.0
NVCenter-voigt,Gauss(0.01),Bayesian-EKF-A,1,50,123,1,locator_stop,77477107.99657679,438414.0965192445,-9.4606422600054,50,44.74049217002254,10000.0,-5.2595078299774585,,,,,,77477107.99657679,4291015.264965962,199124.94046126088,50,,,9761.148300021887,,,,,,,,,,,149.0,9851.0
NVCenter-voigt,Poisson(3000.0),Bayesian-EKF-A,1,50,123,1,locator_stop,36945703.6334734,170071.76426652403,-9.179107850886956,50,44.74049217002254,10000.0,-5.2595078299774585,,,,,,36945703.6334734,4710130.073749528,96091.60578815055,50,,,9833.041800011415,,,,,,,,,,,85.0,9915.0
NVCenter-voigt,Gauss(0.01),Bayesian-EKF-ParticleFrequency,1,50,123,1,locator_stop,14924167.750768185,49318.83429086471,-1.5905107033878827,50,44.74049217002254,10000.0,-5.2595078299774585,,,,,,14924167.750768185,5416576698.113073,9863.766858172941,50,,,4950.669099984225,,,,,,,,,,,149.0,9851.0
NVCenter-voigt,Poisson(3000.0),Bayesian-EKF-ParticleFrequency,1,50,123,1,locator_stop,4603594.732657433,69383.85677153026,-0.089986282041286,50,44.74049217002254,10000.0,-5.2595078299774585,,,,,,4603594.732657433,10688606.428752642,1336315.6146290714,50,,,5024.253899988253,,,,,,,,,,,85.0,9915.0
NVCenter-voigt,Gauss(0.01),Bayesian-SBED,1,50,123,1,locator_stop,5815637.902720928,50452.14857091196,26.32754670054718,50,44.74049217002254,10000.0,-5.2595078299774585,,,,,,5815637.902720928,5505885.233910713,11989.910310496363,50,,,140411.2064000219,,,,,,,,,,,3125.0,6875.0
NVCenter-voigt,Gauss(0.01),Bayesian-EKF-D,1,50,123,1,locator_stop,23338723.989151955,128461.60236673968,-10.397427858492627,50,44.74049217002254,10000.0,-5.2595078299774585,,,,,,23338723.989151955,4079239.0892158374,63967.61827840629,50,,,85158.60090003116,,,,,,,,,,,,
NVCenter-voigt,Poisson(3000.0),Bayesian-EKF-D,1,50,123,1,locator_stop,50735332.08266306,291399.4668104179,-9.218989119924291,50,44.74049217002254,10000.0,-5.2595078299774585,,,,,,50735332.08266306,6216579.133792937,130664.44621554983,50,,,87010.52160002291,,,,,,,,,,,,
NVCenter-voigt,Poisson(3000.0),GaussianMixture,1,50,123,1,locator_stop,130675243.60370588,223451429.5344598,-3.772794546637364,50,44.74049217002254,10000.0,-5.2595078299774585,,,,,,130675243.60370588,4853681.368293516,45307001.30617122,50,,,90721.5162999928,,,,,,,,,,,,
NVCenter-voigt,Poisson(3000.0),Bayesian-SBED,1,50,123,1,locator_stop,4124922.3513445854,91662.89237327874,32.88086595455772,50,44.74049217002254,10000.0,-5.2595078299774585,,,,,,4124922.3513445854,3531307.6281863786,36980.96488270249,50,,,131983.5080000339,,,,,,,,,,,,
NVCenter-lorentzian,Gauss(0.01),StagedSobolSweep,90,500,123,1,locator_stop,76158224.09088326,146610739.6977077,20.794415416798383,400,103.62176165803261,10000.0,-296.3782383419674,,,,,,76158224.09088326,1176061.1930330023,31187036.835853435,400,,,158554.0725000319,,,1.0,9650482.524126064,9650482.524126064,25.0,0.9963630928656981,104.0,2772128829.9560547,2785936965.942383,,
NVCenter-lorentzian,Gauss(0.01),StagedSobolSweep,90,500,123,2,locator_stop,133865860.14939499,146610739.6977077,20.794415416798383,401,105.53562005277468,10000.0,-295.4643799472253,,,,,,133865860.14939499,3065073.1848896574,31187036.835853435,401,,,277741.4208999835,,,1.0,9475473.773688305,9475473.773688305,25.0,0.9956190571016479,106.0,2710363464.3554688,2725793151.8554688,,
NVCenter-lorentzian,Gauss(0.01),StagedSobolSweep,90,500,123,3,locator_stop,4366680.700194359,146610739.6977077,20.794415416798383,500,59.60953800298176,10000.0,-440.39046199701824,,,,,,4366680.700194359,3433709.070154943,31187036.835853435,500,,,214011.7696999805,,,1.0,16775838.791939279,16775838.791939279,25.0,0.9934923000496959,60.0,2841179122.9248047,2868671875.0,65.0,9935.0
NVCenter-lorentzian,Gauss(0.01),StagedSobolSweep,90,500,123,4,locator_stop,190894212.22106218,146610739.6977077,20.794415416798383,500,30.463061690784524,10000.0,-469.5369383092155,,,,,,190894212.22106218,1623351.8737184526,31187036.835853435,500,,,132158.9370999718,,,1.0,32826641.332066536,32826641.332066536,25.0,1.0154353896928174,30.0,2638366699.21875,2679626464.84375,,
NVCenter-lorentzian,Gauss(0.01),StagedSobolSweep,90,500,123,5,locator_stop,217082107.21217346,146610739.6977077,20.794415416798383,400,42.01470588235361,10000.0,-357.9852941176464,,,,,,217082107.21217346,259105.29468785413,31187036.835853435,400,,,151186.3752999925,,,1.0,23801190.059502598,23801190.059502598,25.0,1.0003501400560384,42.0,3060282592.7734375,3082539062.5,,
NVCenter-lorentzian,Gauss(0.01),StagedSobolSweep,90,500,123,6,locator_stop,164876143.77070475,146610739.6977077,20.794415416798383,400,60.87975646879854,10000.0,-339.1202435312015,,,,,,164876143.77070475,3179406.5648685033,31187036.835853435,400,,,192693.78279999364,,,1.0,16425821.29106429,16425821.29106429,25.0,0.9980287945704679,61.0,3007557885.64682,3026588933.467865,,
NVCenter-lorentzian,Gauss(0.01),StagedSobolSweep,90,500,123,7,locator_stop,55258695.410932064,146610739.6977077,20.794415416798383,500,40.60710659898505,10000.0,-459.39289340101493,,,,,,55258695.410932064,132983.27745765448,31187036.835853435,500,,,175496.74199998844,,,1.0,24626231.31156541,24626231.31156541,25.0,0.9904172341215866,41.0,2776640625.0,2812031250.0,598.0,9402.0
NVCenter-lorentzian,Gauss(0.01),StagedSobolSweep,90,500,123,8,locator_stop,216791314.23822212,146610739.6977077,20.794415416798383,500,165.28099173553645,10000.0,-334.7190082644636,,,,,,216791314.23822212,988523.103365289,31187036.835853435,500,,,164537.04630001448,,,2.0,6050302.515125783,6050302.515125783,25.0,1.0017029802153723,165.0,3065703125.0,3079609375.0,,
NVCenter-lorentzian,Gauss(0.01),StagedSobolSweep,90,500,123,9,locator_stop,114810183.4207344,146610739.6977077,20.794415416798383,433,170.93162393162942,10000.0,-262.0683760683706,,,,,,114810183.4207344,3090880.2543508266,31187036.835853435,433,,,172084.70110001508,,,1.0,5850292.514625544,5850292.514625544,25.0,0.9996001399510492,171.0,2962291870.1171875,2974140625.0,,
NVCenter-lorentzian,Poisson(3000.0),StagedSobolSweep,90,500,123,1,locator_stop,76158224.09088326,146610739.6977077,20.794415416798383,480,103.62176165803261,10000.0,-376.3782383419674,,,,,,76158224.09088326,1176061.1930330023,31187036.835853435,480,,,153645.5501000164,,,1.0,9650482.524126064,9650482.524126064,25.0,0.9963630928656981,104.0,2772352600.0976562,2785915832.5195312,58.0,9942.0
NVCenter-lorentzian,Poisson(3000.0),StagedSobolSweep,90,500,123,2,locator_stop,133865860.14939499,146610739.6977077,20.794415416798383,384,105.53562005277468,10000.0,-278.4643799472253,,,,,,133865860.14939499,3065073.1848896574,31187036.835853435,384,,,278589.8926999653,,,21.0,9475473.773688305,9475473.773688305,25.0,0.9956190571016479,106.0,2710702819.8242188,2725453796.3867188,,
NVCenter-lorentzian,Poisson(3000.0),StagedSobolSweep,90,500,123,3,locator_stop,4366680.700194359,146610739.6977077,20.794415416798383,500,59.60953800298176,10000.0,-440.39046199701824,,,,,,4366680.700194359,3433709.070154943,31187036.835853435,500,,,217494.21650002478,,,1.0,16775838.791939279,16775838.791939279,25.0,0.9934923000496959,60.0,2843046875.0,2870625000.0,33.0,9967.0
NVCenter-lorentzian,Poisson(3000.0),StagedSobolSweep,90,500,123,4,locator_stop,190894212.22106218,146610739.6977077,20.794415416798383,500,30.463061690784524,10000.0,-469.5369383092155,,,,,,190894212.22106218,1623351.8737184526,31187036.835853435,500,,,130915.87289999006,,,1.0,32826641.332066536,32826641.332066536,25.0,1.0154353896928174,30.0,2636837921.142578,2681171875.0,,
NVCenter-lorentzian,Poisson(3000.0),StagedSobolSweep,90,500,123,5,locator_stop,217082107.21217346,146610739.6977077,20.794415416798383,416,42.01470588235361,10000.0,-373.9852941176464,,,,,,217082107.21217346,259105.29468785413,31187036.835853435,416,,,154087.49250002438,,,1.0,23801190.059502598,23801190.059502598,25.0,1.0003501400560384,42.0,3060282592.7734375,3082821655.2734375,,
NVCenter-lorentzian,Poisson(3000.0),StagedSobolSweep,90,500,123,6,locator_stop,164876143.77070475,146610739.6977077,20.794415416798383,496,60.87975646879854,10000.0,-435.1202435312015,,,,,,164876143.77070475,3179406.5648685033,31187036.835853435,496,,,201184.72889997065,,,1.0,16425821.29106429,16425821.29106429,25.0,0.9980287945704679,61.0,3007109375.0,3026266396.045685,,
NVCenter-lorentzian,Poisson(3000.0),StagedSobolSweep,90,500,123,7,locator_stop,55258695.410932064,146610739.6977077,20.794415416798383,448,40.60710659898505,10000.0,-407.39289340101493,,,,,,55258695.410932064,132983.27745765448,31187036.835853435,448,,,181614.29379996844,,,1.0,24626231.31156541,24626231.31156541,25.0,0.9904172341215866,41.0,2781234741.2109375,2809520874.0234375,,
NVCenter-lorentzian,Poisson(3000.0),StagedSobolSweep,90,500,123,8,locator_stop,216791314.23822212,146610739.6977077,20.794415416798383,500,165.28099173553645,10000.0,-334.7190082644636,,,,,,216791314.23822212,988523.103365289,31187036.835853435,500,,,166456.5958000021,,,2.0,6050302.515125783,6050302.515125783,25.0,1.0017029802153723,165.0,3066154937.7441406,3079609375.0,,
NVCenter-lorentzian,Poisson(3000.0),StagedSobolSweep,90,500,123,9,locator_stop,114810183.4207344,146610739.6977077,20.794415416798383,387,170.93162393162942,10000.0,-216.06837606837058,,,,,,114810183.4207344,3090880.2543508266,31187036.835853435,387,,,179983.06570004206,,,1.0,5850292.514625544,5850292.514625544,25.0,0.9996001399510492,171.0,2962291870.1171875,2974140625.0,,
NVCenter-lorentzian,Gauss(0.01),SimpleSobol,90,10000,123,1,locator_stop,1890094.533613205,89331.23899623752,25.9023118518783,10000,103.62176165803261,,-9896.378238341968,,,,,,1890094.533613205,2052645.007653974,16000.275499081115,10000,,,564376.3982999953,,,,,,,,,,,,
NVCenter-lorentzian,Gauss(0.01),SimpleSobol,90,10000,123,2,locator_stop,2431723.430622101,116808.32540150732,32.98041451465758,10000,105.53562005277468,,-9894.464379947225,,,,,,2431723.430622101,2195300.6910503935,39571.528717820205,10000,,,1018071.3540000143,,,,,,,,,,,,
NVCenter-lorentzian,Gauss(0.01),SimpleSobol,90,10000,123,3,locator_stop,988855.6784505844,82323.41497205198,26.454355076589405,10000,59.60953800298176,,-9940.390461997018,,,,,,988855.6784505844,2458310.8276813407,16853.257081246473,10000,,,120378.29520000378,,,,,,,,,,,,
NVCenter-lorentzian,Poisson(3000.0),SimpleSobol,90,10000,123,1,locator_stop,75426457.86697578,122808240.35406113,68.78580860516891,10000,103.62176165803261,,-9896.378238341968,,,,,,75426457.86697578,1334184.805436872,21724792.852957662,10000,,,612488.6358000222,,,,,,,,,,,,
NVCenter-lorentzian,Poisson(3000.0),SimpleSobol,90,10000,123,2,locator_stop,130203467.6523323,124025046.82540894,68.93791123572758,10000,105.53562005277468,,-9894.464379947225,,,,,,130203467.6523323,3151282.1840466093,21985422.72833249,10000,,,1074746.059499972,,,,,,,,,,,,
NVCenter-lorentzian,Poisson(3000.0),SimpleSobol,90,10000,123,3,locator_stop,3278091.829407692,123212315.1421547,68.86110519139214,10000,59.60953800298176,,-9940.390461997018,,,,,,3278091.829407692,3339569.1067665,21833385.417056613,10000,,,1293486.6892999853,,,,,,,,,,,,
NVCenter-lorentzian,Poisson(3000.0),SimpleSobol,90,10000,123,4,locator_stop,182512711.3808751,121623031.79502487,68.82631438730685,10000,30.463061690784524,,-9969.536938309215,,,,,,182512711.3808751,1823122.3839151384,21564900.124328014,10000,,,1131013.4566000197,,,,,,,,,,,,
NVCenter-lorentzian,Poisson(3000.0),SimpleSobol,90,10000,123,5,locator_stop,220110738.4225006,123483911.15665436,68.86694859591188,10000,42.01470588235361,,-9957.985294117647,,,,,,220110738.4225006,335727.12515126355,21873292.365269817,10000,,,910975.7626999635,,,,,,,,,,,,
NVCenter-lorentzian,Poisson(3000.0),SimpleSobol,90,10000,123,6,locator_stop,162779609.99537516,120707802.47449875,68.74320692926784,10000,60.87975646879854,,-9939.1202435312,,,,,,162779609.99537516,3305609.3866000706,21387861.825160354,10000,,,1273048.4581000055,,,,,,,,,,,,
NVCenter-lorentzian,Poisson(3000.0),SimpleSobol,90,10000,123,7,locator_stop,54573122.78672552,125439405.44128418,68.89299970659313,10000,40.60710659898505,,-9959.392893401015,,,,,,54573122.78672552,119640.18167823553,22168888.325655747,10000,,,2255460.348599998,,,,,,,,,,,,
NVCenter-lorentzian,Poisson(3000.0),SimpleSobol,90,10000,123,8,locator_stop,225533929.8187809,121752381.32476807,68.79434572092333,10000,165.28099173553645,,-9834.719008264463,,,,,,225533929.8187809,1178428.985247003,21569566.76968016,10000,,,2162431.7881999887,,,,,,,,,,,,
NVCenter-lorentzian,Poisson(3000.0),SimpleSobol,90,10000,123,9,locator_stop,115732371.58353806,121153682.47032166,68.80802048473078,10000,170.93162393162942,,-9829.068376068371,,,,,,115732371.58353806,3290122.548185513,21488210.460677933,10000,,,2677746.1530000437,,,,,,,,,,,,
NVCenter-voigt,Gauss(0.01),StagedSobolSweep,90,500,123,1,locator_stop,79073088.57013369,146610739.6977077,24.953298500158063,320,44.74049217002254,10000.0,-275.25950782997745,,,,,,79073088.57013369,5571911.683114205,24812890.578657404,320,,,152149.84580001328,,,1.0,22351117.555877708,22351117.555877708,25.0,0.9942331593338343,45.0,2927031250.0,2946796875.0,1365.0,8635.0
NVCenter-voigt,Gauss(0.01),StagedSobolSweep,90,500,123,2,locator_stop,81336418.90000916,146610739.6977077,24.953298500158063,320,81.13184584178401,10000.0,-238.868154158216,,,,,,81336418.90000916,5563582.660406314,24812890.578657404,320,,,262021.34609996574,,,1.0,12325616.28081419,12325616.28081419,25.0,1.0016277264417779,81.0,2931914062.5,2946796875.0,117.0,9883.0
NVCenter-voigt,Gauss(0.01),StagedSobolSweep,90,500,123,3,locator_stop,2293912.7205371857,146610739.6977077,24.953298500158063,321,1249.937500000396,10000.0,928.9375000003961,,,,,,2293912.7205371857,3481946.610817581,24812890.578657404,321,,,222584.88659997238,,,1.0,800040.0019998465,800040.0019998465,25.0,2.499875000000792,500.0,2846953125.0,2860859375.0,65.0,9935.0
NVCenter-voigt,Gauss(0.01),StagedSobolSweep,90,500,123,4,locator_stop,171010329.36325502,146610739.6977077,24.953298500158063,320,86.01720430107376,10000.0,-233.98279569892622,,,,,,171010329.36325502,2995996.1850387636,24812890.578657404,320,,,115998.71299997903,,,1.0,11625581.279064156,11625581.279064156,25.0,1.0002000500124857,86.0,3017851562.5,3034687500.0,155.0,9845.0
NVCenter-voigt,Gauss(0.01),StagedSobolSweep,90,500,123,5,locator_stop,151816005.21790838,146610739.6977077,24.953298500158063,320,72.06846846846744,10000.0,-247.93153153153256,,,,,,151816005.21790838,3233565.211068613,24812890.578657404,320,,,154333.89170002192,,,1.0,13875693.784689432,13875693.784689432,25.0,1.0009509509509367,72.0,2694609375.0,2712421875.0,,
NVCenter-voigt,Gauss(0.01),StagedSobolSweep,90,500,123,6,locator_stop,50517929.74117136,146610739.6977077,24.953298500158063,320,34.87183958151711,10000.0,-285.1281604184829,,,,,,50517929.74117136,4617289.468050245,24812890.578657404,320,,,188985.83030002192,,,1.0,28676433.821690995,28676433.821690995,25.0,0.9963382737576316,35.0,2886015625.0,2917500000.0,,
NVCenter-voigt,Gauss(0.01),StagedSobolSweep,90,500,123,7,locator_stop,100869368.7849598,146610739.6977077,24.953298500158063,321,59.877245508982696,10000.0,-261.1227544910173,,,,,,100869368.7849598,4039922.237654162,24812890.578657404,321,,,185146.26099995803,,,1.0,16700835.041751904,16700835.041751904,25.0,0.9979540918163783,60.0,2950468750.0,2964375000.0,,
NVCenter-voigt,Gauss(0.01),StagedSobolSweep,90,500,123,8,locator_stop,49215085.06885338,146610739.6977077,24.953298500158063,320,50.43883984867621,10000.0,-269.5611601513238,,,,,,49215085.06885338,3520712.696288941,24812890.578657404,320,,,154686.08149996726,,,1.0,19825991.29956486,19825991.29956486,25.0,1.0087767969735242,50.0,2792265625.0,2813984375.0,102.0,9898.0
NVCenter-voigt,Gauss(0.01),StagedSobolSweep,90,500,123,9,locator_stop,52691419.74530363,146610739.6977077,24.953298500158063,320,68.25597269624576,10000.0,-251.74402730375425,,,,,,52691419.74530363,3928398.8752812515,24812890.578657404,320,,,172935.43800001498,,,1.0,14650732.536626825,14650732.536626825,25.0,1.0037643043565554,68.0,2794218750.0,2812031250.0,,
NVCenter-voigt,Poisson(3000.0),StagedSobolSweep,90,500,123,1,locator_stop,79073088.57013369,146610739.6977077,24.953298500158063,320,44.74049217002254,10000.0,-275.25950782997745,,,,,,79073088.57013369,5571911.683114205,24812890.578657404,320,,,160446.25929999165,,,1.0,22351117.555877708,22351117.555877708,25.0,0.9942331593338343,45.0,2927031250.0,2946796875.0,,
NVCenter-voigt,Poisson(3000.0),StagedSobolSweep,90,500,123,2,locator_stop,81336418.90000916,146610739.6977077,24.953298500158063,320,81.13184584178401,10000.0,-238.868154158216,,,,,,81336418.90000916,5563582.660406314,24812890.578657404,320,,,275084.9195999908,,,1.0,12325616.28081419,12325616.28081419,25.0,1.0016277264417779,81.0,2931914062.5,2946796875.0,117.0,9883.0
NVCenter-voigt,Poisson(3000.0),StagedSobolSweep,90,500,123,3,locator_stop,2293912.7205371857,146610739.6977077,24.953298500158063,322,1249.937500000396,10000.0,927.9375000003961,,,,,,2293912.7205371857,3481946.610817581,24812890.578657404,322,,,221307.3578000185,,,1.0,800040.0019998465,800040.0019998465,25.0,2.499875000000792,500.0,2846953125.0,2860859375.0,,
NVCenter-voigt,Poisson(3000.0),StagedSobolSweep,90,500,123,4,locator_stop,171010329.36325502,146610739.6977077,24.953298500158063,320,86.01720430107376,10000.0,-233.98279569892622,,,,,,171010329.36325502,2995996.1850387636,24812890.578657404,320,,,133099.4640000281,,,1.0,11625581.279064156,11625581.279064156,25.0,1.0002000500124857,86.0,3017851562.5,3034687500.0,,
NVCenter-voigt,Poisson(3000.0),StagedSobolSweep,90,500,123,5,locator_stop,151816005.21790838,146610739.6977077,24.953298500158063,320,72.06846846846744,10000.0,-247.93153153153256,,,,,,151816005.21790838,3233565.211068613,24812890.578657404,320,,,154347.5662000128,,,1.0,13875693.784689432,13875693.784689432,25.0,1.0009509509509367,72.0,2694609375.0,2712421875.0,,
NVCenter-voigt,Poisson(3000.0),StagedSobolSweep,90,500,123,6,locator_stop,50517929.74117136,146610739.6977077,24.953298500158063,320,34.87183958151711,10000.0,-285.1281604184829,,,,,,50517929.74117136,4617289.468050245,24812890.578657404,320,,,201644.97800002573,,,1.0,28676433.821690995,28676433.821690995,25.0,0.9963382737576316,35.0,2886015625.0,2917500000.0,,
NVCenter-voigt,Poisson(3000.0),StagedSobolSweep,90,500,123,7,locator_stop,100869368.7849598,146610739.6977077,24.953298500158063,321,59.877245508982696,10000.0,-261.1227544910173,,,,,,100869368.7849598,4039922.237654162,24812890.578657404,321,,,169455.70689998567,,,1.0,16700835.041751904,16700835.041751904,25.0,0.9979540918163783,60.0,2950468750.0,2964375000.0,237.0,9763.0
NVCenter-voigt,Poisson(3000.0),StagedSobolSweep,90,500,123,8,locator_stop,49215085.06885338,146610739.6977077,24.953298500158063,320,50.43883984867621,10000.0,-269.5611601513238,,,,,,49215085.06885338,3520712.696288941,24812890.578657404,320,,,163181.0510000214,,,1.0,19825991.29956486,19825991.29956486,25.0,1.0087767969735242,50.0,2792265625.0,2815937500.0,86.0,9914.0
NVCenter-voigt,Poisson(3000.0),StagedSobolSweep,90,500,123,9,locator_stop,52691419.74530363,146610739.6977077,24.953298500158063,320,68.25597269624576,10000.0,-251.74402730375425,,,,,,52691419.74530363,3928398.8752812515,24812890.578657404,320,,,172207.63550000265,,,1.0,14650732.536626825,14650732.536626825,25.0,1.0037643043565554,68.0,2794218750.0,2812031250.0,278.0,9722.0
NVCenter-voigt,Gauss(0.01),SimpleSobol,90,10000,123,1,locator_stop,3703189.687236309,88951.11386664212,25.944841287735773,10000,44.74049217002254,,-9955.259507829978,,,,,,3703189.687236309,3183713.3074123003,16078.67584478099,10000,,,590534.2318000039,,,,,,,,,,,,
NVCenter-voigt,Gauss(0.01),SimpleSobol,90,10000,123,2,locator_stop,4854728.6658325195,84552.01896140352,25.498136398919772,10000,81.13184584178401,,-9918.868154158215,,,,,,4854728.6658325195,4461996.139734469,15245.714495193866,10000,,,958591.7905000388,,,,,,,,,,,,
NVCenter-voigt,Gauss(0.01),SimpleSobol,90,10000,123,3,locator_stop,1001266.7892932892,83493.35985258222,25.45723104907449,10000,1249.937500000396,,-8750.062499999603,,,,,,1001266.7892932892,985574.7455450594,15189.221265560103,10000,,,1239637.968200026,,,,,,,,,,,,
NVCenter-voigt,Gauss(0.01),SimpleSobol,90,10000,123,4,locator_stop,2112851.502986431,68836.91821713,23.924538119444087,10000,86.01720430107376,,-9913.982795698927,,,,,,2112851.502986431,1778869.0407020636,12270.221382164658,10000,,,118907.43879997171,,,,,,,,,,,,
NVCenter-voigt,Poisson(3000.0),SimpleSobol,90,10000,123,1,locator_stop,88422136.70779848,121378965.67583084,68.48011408584253,10000,44.74049217002254,,-9955.259507829978,,,,,,88422136.70779848,5578361.948760185,21447043.44746995,10000,,,616337.2466999572,,,,,,,,,,,,
NVCenter-voigt,Poisson(3000.0),SimpleSobol,90,10000,123,2,locator_stop,89890952.02397919,122002713.38224411,68.47998824807138,10000,81.13184584178401,,-9918.868154158215,,,,,,89890952.02397919,5551914.455145083,21521422.131607533,10000,,,1066009.2150999699,,,,,,,,,,,,
NVCenter-voigt,Poisson(3000.0),SimpleSobol,90,10000,123,3,locator_stop,8835433.077669144,119612000.88262558,68.44277180846036,10000,1249.937500000396,,-8750.062499999603,,,,,,8835433.077669144,3399969.660648972,21160334.172437787,10000,,,1282054.8897000263,,,,,,,,,,,,
NVCenter-voigt,Poisson(3000.0),SimpleSobol,90,10000,123,4,locator_stop,189691065.78579378,120112799.10802841,68.41053262831451,10000,86.01720430107376,,-9913.982795698927,,,,,,189691065.78579378,3038135.6258136816,21209953.521962684,10000,,,1123452.1045999718,,,,,,,,,,,,
NVCenter-voigt,Poisson(3000.0),SimpleSobol,90,10000,123,5,locator_stop,147085065.35279608,120647460.22224426,68.46447350374044,10000,72.06846846846744,,-9927.931531531533,,,,,,147085065.35279608,3365065.425406916,21314502.44222158,10000,,,897925.4479000228,,,,,,,,,,,,
NVCenter-voigt,Poisson(3000.0),SimpleSobol,90,10000,123,6,locator_stop,38218868.91963816,122180007.39812851,68.47181820710107,10000,34.87183958151711,,-9965.128160418482,,,,,,38218868.91963816,4560471.340418105,21572169.034950737,10000,,,1270488.8959999662,,,,,,,,,,,,
NVCenter-voigt,Poisson(3000.0),SimpleSobol,90,10000,123,7,locator_stop,95677774.42270088,119073502.71940231,68.37002878209825,10000,59.877245508982696,,-9940.122754491018,,,,,,95677774.42270088,4032990.2174667846,21050177.52441171,10000,,,126151.67099999962,,,,,,,,,,,,
